{
  "type": "FeatureCollection",
  "name": "Moscow OSM road segments sample",
  "osm_base_timestamp": "2026-10-09T16:56:36Z",
  "features": [
    {
      "type": "Feature",
      "id": "way/5169378",
      "properties": {
        "osm_way_id": 5169378,
        "highway_type": "tertiary",
        "name": "улица Петровка",
        "oneway": "yes",
        "maxspeed": "50",
        "surface": "asphalt"
      },
      "geometry": {
        "type": "LineString",
        "coordinates": [
          [
            37.6156293,
            55.7660162
          ],
          [
            37.6156655,
            55.765979
          ],
          [
            37.6159015,
            55.7657198
          ],
          [
            37.6161074,
            55.7654713
          ],
          [
            37.6161776,
            55.7653827
          ],
          [
            37.6164281,
            55.7650603
          ],
          [
            37.6164418,
            55.7650419
          ],
          [
            37.6165515,
            55.7648954
          ],
          [
            37.6166038,
            55.7648243
          ],
          [
            37.6166972,
            55.7646976
          ]
        ]
      }
    },
    {
      "type": "Feature",
      "id": "way/5169713",
      "properties": {
        "osm_way_id": 5169713,
        "highway_type": "primary",
        "name": "Старая площадь",
        "oneway": "yes",
        "maxspeed": "RU:urban",
        "surface": "asphalt"
      },
      "geometry": {
        "type": "LineString",
        "coordinates": [
          [
            37.6304052,
            55.7565441
          ],
          [
            37.6307436,
            55.7563235
          ],
          [
            37.6316859,
            55.755656
          ],
          [
            37.6329173,
            55.7547646
          ],
          [
            37.6330469,
            55.754646
          ],
          [
            37.6331465,
            55.7545469
          ],
          [
            37.633274,
            55.7544049
          ]
        ]
      }
    },
    {
      "type": "Feature",
      "id": "way/5169728",
      "properties": {
        "osm_way_id": 5169728,
        "highway_type": "secondary",
        "name": "Славянская площадь",
        "oneway": "yes",
        "maxspeed": "50",
        "surface": "asphalt"
      },
      "geometry": {
        "type": "LineString",
        "coordinates": [
          [
            37.6352868,
            55.7538551
          ],
          [
            37.6352315,
            55.7538518
          ],
          [
            37.6351622,
            55.7538513
          ],
          [
            37.6350699,
            55.7538621
          ],
          [
            37.6350128,
            55.7538811
          ],
          [
            37.6349689,
            55.7539134
          ],
          [
            37.6349374,
            55.7539485
          ],
          [
            37.6349112,
            55.7539883
          ]
        ]
      }
    },
    {
      "type": "Feature",
      "id": "way/5169745",
      "properties": {
        "osm_way_id": 5169745,
        "highway_type": "primary",
        "name": "Китайгородский проезд",
        "oneway": "yes",
        "maxspeed": "RU:urban",
        "surface": "asphalt"
      },
      "geometry": {
        "type": "LineString",
        "coordinates": [
          [
            37.6332242,
            55.7523163
          ],
          [
            37.6331757,
            55.7521744
          ],
          [
            37.6331588,
            55.7521251
          ]
        ]
      }
    },
    {
      "type": "Feature",
      "id": "way/5169769",
      "properties": {
        "osm_way_id": 5169769,
        "highway_type": "primary",
        "name": "Кремлёвская набережная",
        "oneway": "yes",
        "maxspeed": "50",
        "surface": "asphalt"
      },
      "geometry": {
        "type": "LineString",
        "coordinates": [
          [
            37.6241214,
            55.7497242
          ],
          [
            37.6238065,
            55.749681
          ],
          [
            37.6232449,
            55.7496167
          ],
          [
            37.6231059,
            55.7496009
          ],
          [
            37.622973,
            55.7495877
          ],
          [
            37.6223145,
            55.7495276
          ],
          [
            37.6217379,
            55.749473
          ],
          [
            37.6211636,
            55.749408
          ],
          [
            37.6206538,
            55.7493348
          ],
          [
            37.620472,
            55.7493082
          ],
          [
            37.6200005,
            55.7492366
          ],
          [
            37.6198062,
            55.7492082
          ],
          [
            37.6190699,
            55.7490998
          ],
          [
            37.6187014,
            55.7490438
          ],
          [
            37.6183589,
            55.7489924
          ],
          [
            37.6173935,
            55.7488477
          ],
          [
            37.6172073,
            55.748822
          ],
          [
            37.6170635,
            55.7487992
          ],
          [
            37.6168576,
            55.748765
          ],
          [
            37.6166812,
            55.7487333
          ],
          [
            37.6164398,
            55.7486778
          ],
          [
            37.6162211,
            55.7486217
          ],
          [
            37.6161131,
            55.7485935
          ],
          [
            37.6149617,
            55.7482933
          ],
          [
            37.6143799,
            55.7481442
          ]
        ]
      }
    },
    {
      "type": "Feature",
      "id": "way/5170148",
      "properties": {
        "osm_way_id": 5170148,
        "highway_type": "primary",
        "name": "Оружейный переулок",
        "oneway": "yes",
        "maxspeed": "50",
        "surface": "asphalt"
      },
      "geometry": {
        "type": "LineString",
        "coordinates": [
          [
            37.603928,
            55.77284
          ],
          [
            37.6038533,
            55.7728263
          ],
          [
            37.60357,
            55.7727742
          ],
          [
            37.6031341,
            55.7726778
          ],
          [
            37.6029224,
            55.7726294
          ],
          [
            37.602741,
            55.7725803
          ]
        ]
      }
    },
    {
      "type": "Feature",
      "id": "way/5366647",
      "properties": {
        "osm_way_id": 5366647,
        "highway_type": "secondary",
        "name": "Пречистенская набережная",
        "oneway": "yes",
        "maxspeed": "50",
        "surface": "asphalt"
      },
      "geometry": {
        "type": "LineString",
        "coordinates": [
          [
            37.6131969,
            55.7478517
          ],
          [
            37.612786,
            55.7477887
          ],
          [
            37.612543,
            55.7477395
          ],
          [
            37.6123345,
            55.7476854
          ]
        ]
      }
    },
    {
      "type": "Feature",
      "id": "way/7278790",
      "properties": {
        "osm_way_id": 7278790,
        "highway_type": "unclassified",
        "name": "1-й Лесной переулок",
        "oneway": null,
        "maxspeed": "30",
        "surface": "asphalt"
      },
      "geometry": {
        "type": "LineString",
        "coordinates": [
          [
            37.5874713,
            55.7784383
          ],
          [
            37.5878895,
            55.7782129
          ],
          [
            37.5879708,
            55.7781711
          ]
        ]
      }
    },
    {
      "type": "Feature",
      "id": "way/7278951",
      "properties": {
        "osm_way_id": 7278951,
        "highway_type": "unclassified",
        "name": "2-й Лесной переулок",
        "oneway": null,
        "maxspeed": "30",
        "surface": "asphalt"
      },
      "geometry": {
        "type": "LineString",
        "coordinates": [
          [
            37.5892259,
            55.7799221
          ],
          [
            37.5891057,
            55.779994
          ],
          [
            37.58902,
            55.7800449
          ],
          [
            37.5888849,
            55.7801226
          ],
          [
            37.5886087,
            55.7802899
          ],
          [
            37.5884488,
            55.7803867
          ],
          [
            37.5883799,
            55.7804272
          ]
        ]
      }
    },
    {
      "type": "Feature",
      "id": "way/7279410",
      "properties": {
        "osm_way_id": 7279410,
        "highway_type": "unclassified",
        "name": "4-й Лесной переулок",
        "oneway": "yes",
        "maxspeed": "30",
        "surface": "asphalt"
      },
      "geometry": {
        "type": "LineString",
        "coordinates": [
          [
            37.5883799,
            55.7804272
          ],
          [
            37.5882923,
            55.7803768
          ],
          [
            37.5878845,
            55.7801217
          ],
          [
            37.5877331,
            55.7800245
          ],
          [
            37.5877005,
            55.7800052
          ],
          [
            37.5876025,
            55.7799406
          ],
          [
            37.5875618,
            55.7799148
          ],
          [
            37.5872799,
            55.7797383
          ],
          [
            37.586437,
            55.7792007
          ],
          [
            37.5863787,
            55.779165
          ],
          [
            37.5863031,
            55.7791191
          ]
        ]
      }
    },
    {
      "type": "Feature",
      "id": "way/8060798",
      "properties": {
        "osm_way_id": 8060798,
        "highway_type": "unclassified",
        "name": "Козицкий переулок",
        "oneway": "yes",
        "maxspeed": "30",
        "surface": "asphalt"
      },
      "geometry": {
        "type": "LineString",
        "coordinates": [
          [
            37.61073,
            55.7653269
          ],
          [
            37.6106289,
            55.7652904
          ],
          [
            37.6100316,
            55.7650724
          ],
          [
            37.6099329,
            55.7650385
          ],
          [
            37.6095289,
            55.7648927
          ],
          [
            37.6093363,
            55.7648232
          ],
          [
            37.6090999,
            55.7647379
          ],
          [
            37.6088865,
            55.764657
          ],
          [
            37.6084193,
            55.76448
          ],
          [
            37.6079989,
            55.7643214
          ],
          [
            37.6077514,
            55.7642262
          ],
          [
            37.6075925,
            55.7641659
          ]
        ]
      }
    },
    {
      "type": "Feature",
      "id": "way/8060808",
      "properties": {
        "osm_way_id": 8060808,
        "highway_type": "unclassified",
        "name": "Глинищевский переулок",
        "oneway": "yes",
        "maxspeed": "30",
        "surface": "asphalt"
      },
      "geometry": {
        "type": "LineString",
        "coordinates": [
          [
            37.6111167,
            55.7635955
          ],
          [
            37.6111408,
            55.763604
          ],
          [
            37.611596,
            55.7637676
          ]
        ]
      }
    },
    {
      "type": "Feature",
      "id": "way/8061249",
      "properties": {
        "osm_way_id": 8061249,
        "highway_type": "pedestrian",
        "name": "Камергерский переулок",
        "oneway": null,
        "maxspeed": null,
        "surface": "paving_stones"
      },
      "geometry": {
        "type": "LineString",
        "coordinates": [
          [
            37.6151998,
            55.7605544
          ],
          [
            37.6140877,
            55.7601467
          ]
        ]
      }
    },
    {
      "type": "Feature",
      "id": "way/8083377",
      "properties": {
        "osm_way_id": 8083377,
        "highway_type": "residential",
        "name": "2-я Тверская-Ямская улица",
        "oneway": "yes",
        "maxspeed": "RU:urban",
        "surface": "asphalt"
      },
      "geometry": {
        "type": "LineString",
        "coordinates": [
          [
            37.5966216,
            55.770494
          ],
          [
            37.5964466,
            55.7706026
          ]
        ]
      }
    },
    {
      "type": "Feature",
      "id": "way/8083378",
      "properties": {
        "osm_way_id": 8083378,
        "highway_type": "residential",
        "name": "3-я Тверская-Ямская улица",
        "oneway": null,
        "maxspeed": "30",
        "surface": "asphalt"
      },
      "geometry": {
        "type": "LineString",
        "coordinates": [
          [
            37.5868571,
            55.7773162
          ],
          [
            37.5869357,
            55.7772682
          ],
          [
            37.5874838,
            55.7769667
          ],
          [
            37.587924,
            55.7767086
          ],
          [
            37.5879924,
            55.7766687
          ],
          [
            37.5881084,
            55.7766006
          ],
          [
            37.588962,
            55.7761003
          ],
          [
            37.5896174,
            55.7757163
          ],
          [
            37.5898411,
            55.7755851
          ],
          [
            37.5899653,
            55.7755128
          ]
        ]
      }
    },
    {
      "type": "Feature",
      "id": "way/8083379",
      "properties": {
        "osm_way_id": 8083379,
        "highway_type": "residential",
        "name": "3-я Тверская-Ямская улица",
        "oneway": "yes",
        "maxspeed": "30",
        "surface": "asphalt"
      },
      "geometry": {
        "type": "LineString",
        "coordinates": [
          [
            37.5976849,
            55.7709339
          ],
          [
            37.597603,
            55.7709788
          ],
          [
            37.5971795,
            55.7712314
          ],
          [
            37.5970115,
            55.7713307
          ],
          [
            37.5967062,
            55.7715119
          ],
          [
            37.5963957,
            55.7716954
          ],
          [
            37.5962319,
            55.7717986
          ],
          [
            37.595899,
            55.7719953
          ],
          [
            37.5957519,
            55.7721009
          ],
          [
            37.5956255,
            55.7721736
          ],
          [
            37.5954846,
            55.7722577
          ],
          [
            37.5953909,
            55.7723162
          ],
          [
            37.5952679,
            55.7723931
          ],
          [
            37.5948986,
            55.7726113
          ],
          [
            37.5948945,
            55.7726138
          ],
          [
            37.594382,
            55.772917
          ],
          [
            37.5942034,
            55.7730227
          ],
          [
            37.5941435,
            55.7730582
          ],
          [
            37.5941242,
            55.7730697
          ],
          [
            37.5938031,
            55.7732608
          ],
          [
            37.5936904,
            55.7733279
          ],
          [
            37.593569,
            55.7733985
          ],
          [
            37.5930979,
            55.7736782
          ],
          [
            37.5927935,
            55.773859
          ],
          [
            37.5927814,
            55.7738662
          ],
          [
            37.5926332,
            55.7739542
          ]
        ]
      }
    },
    {
      "type": "Feature",
      "id": "way/8083441",
      "properties": {
        "osm_way_id": 8083441,
        "highway_type": "residential",
        "name": "4-я Тверская-Ямская улица",
        "oneway": "yes",
        "maxspeed": "30",
        "surface": "asphalt"
      },
      "geometry": {
        "type": "LineString",
        "coordinates": [
          [
            37.5959175,
            55.773166
          ],
          [
            37.5963893,
            55.7728919
          ],
          [
            37.5966349,
            55.7727492
          ],
          [
            37.5967708,
            55.7726618
          ],
          [
            37.5968914,
            55.7725896
          ],
          [
            37.5972785,
            55.7723579
          ],
          [
            37.5976408,
            55.772141
          ],
          [
            37.597834,
            55.7720267
          ],
          [
            37.5979514,
            55.7719571
          ],
          [
            37.5984607,
            55.7716442
          ],
          [
            37.5987197,
            55.7714655
          ],
          [
            37.59883,
            55.7713893
          ]
        ]
      }
    },
    {
      "type": "Feature",
      "id": "way/8083456",
      "properties": {
        "osm_way_id": 8083456,
        "highway_type": "residential",
        "name": "улица Александра Невского",
        "oneway": "no",
        "maxspeed": "30",
        "surface": "asphalt"
      },
      "geometry": {
        "type": "LineString",
        "coordinates": [
          [
            37.591242,
            55.7762434
          ],
          [
            37.5918089,
            55.7759807
          ],
          [
            37.5919466,
            55.7759047
          ],
          [
            37.5920848,
            55.7758073
          ]
        ]
      }
    },
    {
      "type": "Feature",
      "id": "way/8083472",
      "properties": {
        "osm_way_id": 8083472,
        "highway_type": "unclassified",
        "name": "Миусский переулок",
        "oneway": null,
        "maxspeed": "30",
        "surface": "asphalt"
      },
      "geometry": {
        "type": "LineString",
        "coordinates": [
          [
            37.5900586,
            55.7794041
          ],
          [
            37.5901399,
            55.7793384
          ],
          [
            37.5902459,
            55.7792767
          ],
          [
            37.5908783,
            55.7789124
          ],
          [
            37.5910699,
            55.7788042
          ],
          [
            37.5914463,
            55.7785917
          ],
          [
            37.5915029,
            55.7785597
          ],
          [
            37.5915676,
            55.778505
          ],
          [
            37.59161,
            55.7784428
          ],
          [
            37.5916546,
            55.7783955
          ],
          [
            37.5919129,
            55.7782704
          ],
          [
            37.5924207,
            55.7780245
          ],
          [
            37.5925189,
            55.7779769
          ]
        ]
      }
    },
    {
      "type": "Feature",
      "id": "way/8083476",
      "properties": {
        "osm_way_id": 8083476,
        "highway_type": "unclassified",
        "name": "2-я Миусская улица",
        "oneway": null,
        "maxspeed": "30",
        "surface": "asphalt"
      },
      "geometry": {
        "type": "LineString",
        "coordinates": [
          [
            37.5915676,
            55.778505
          ],
          [
            37.5916635,
            55.778567
          ],
          [
            37.591897,
            55.7787181
          ],
          [
            37.5919219,
            55.7787342
          ],
          [
            37.5927507,
            55.7792701
          ],
          [
            37.5928557,
            55.779338
          ]
        ]
      }
    },
    {
      "type": "Feature",
      "id": "way/8083481",
      "properties": {
        "osm_way_id": 8083481,
        "highway_type": "tertiary",
        "name": "улица Чаянова",
        "oneway": "no",
        "maxspeed": "30",
        "surface": "asphalt"
      },
      "geometry": {
        "type": "LineString",
        "coordinates": [
          [
            37.5933424,
            55.7746893
          ],
          [
            37.5931381,
            55.774582
          ],
          [
            37.5930313,
            55.7745228
          ],
          [
            37.5924531,
            55.7742019
          ],
          [
            37.5923275,
            55.7741341
          ]
        ]
      }
    },
    {
      "type": "Feature",
      "id": "way/8083509",
      "properties": {
        "osm_way_id": 8083509,
        "highway_type": "tertiary",
        "name": "Весковский переулок",
        "oneway": null,
        "maxspeed": "30",
        "surface": "asphalt"
      },
      "geometry": {
        "type": "LineString",
        "coordinates": [
          [
            37.5983251,
            55.7783387
          ],
          [
            37.5983644,
            55.778364
          ],
          [
            37.5984053,
            55.7783874
          ],
          [
            37.5984545,
            55.7784052
          ],
          [
            37.5990428,
            55.7785532
          ],
          [
            37.5991937,
            55.7785881
          ],
          [
            37.5993024,
            55.7786112
          ],
          [
            37.599361,
            55.7786222
          ],
          [
            37.5994844,
            55.7786453
          ],
          [
            37.5997583,
            55.7786967
          ],
          [
            37.5999817,
            55.778738
          ],
          [
            37.6009746,
            55.77892
          ],
          [
            37.6010367,
            55.7789314
          ],
          [
            37.6011195,
            55.7789466
          ]
        ]
      }
    },
    {
      "type": "Feature",
      "id": "way/8083527",
      "properties": {
        "osm_way_id": 8083527,
        "highway_type": "residential",
        "name": "2-й Тверской-Ямской переулок",
        "oneway": "yes",
        "maxspeed": null,
        "surface": "asphalt"
      },
      "geometry": {
        "type": "LineString",
        "coordinates": [
          [
            37.592695,
            55.7727624
          ],
          [
            37.592769,
            55.7728365
          ],
          [
            37.5931554,
            55.7730425
          ],
          [
            37.5932222,
            55.7730782
          ],
          [
            37.5932806,
            55.7731093
          ],
          [
            37.5935627,
            55.7732597
          ],
          [
            37.5935939,
            55.7732764
          ],
          [
            37.5936904,
            55.7733279
          ]
        ]
      }
    },
    {
      "type": "Feature",
      "id": "way/8083539",
      "properties": {
        "osm_way_id": 8083539,
        "highway_type": "residential",
        "name": "Пыхов-Церковный проезд",
        "oneway": "no",
        "maxspeed": null,
        "surface": "asphalt"
      },
      "geometry": {
        "type": "LineString",
        "coordinates": [
          [
            37.5995489,
            55.7753027
          ],
          [
            37.5996103,
            55.7753225
          ],
          [
            37.5996564,
            55.7753339
          ]
        ]
      }
    },
    {
      "type": "Feature",
      "id": "way/8083582",
      "properties": {
        "osm_way_id": 8083582,
        "highway_type": "residential",
        "name": "переулок Александра Невского",
        "oneway": null,
        "maxspeed": null,
        "surface": "asphalt"
      },
      "geometry": {
        "type": "LineString",
        "coordinates": [
          [
            37.5890804,
            55.7750184
          ],
          [
            37.5898416,
            55.7754452
          ],
          [
            37.5899653,
            55.7755128
          ],
          [
            37.59009,
            55.7755808
          ],
          [
            37.5911503,
            55.7761908
          ],
          [
            37.591242,
            55.7762434
          ]
        ]
      }
    },
    {
      "type": "Feature",
      "id": "way/8083620",
      "properties": {
        "osm_way_id": 8083620,
        "highway_type": "residential",
        "name": "1-й Тверской-Ямской переулок",
        "oneway": null,
        "maxspeed": "30",
        "surface": "asphalt"
      },
      "geometry": {
        "type": "LineString",
        "coordinates": [
          [
            37.5957519,
            55.7721009
          ],
          [
            37.5955999,
            55.7720173
          ],
          [
            37.5952495,
            55.7718244
          ],
          [
            37.5948667,
            55.7716137
          ],
          [
            37.5947557,
            55.7715526
          ]
        ]
      }
    },
    {
      "type": "Feature",
      "id": "way/8105482",
      "properties": {
        "osm_way_id": 8105482,
        "highway_type": "secondary",
        "name": "проспект Академика Сахарова",
        "oneway": "yes",
        "maxspeed": "RU:urban",
        "surface": "asphalt"
      },
      "geometry": {
        "type": "LineString",
        "coordinates": [
          [
            37.6444274,
            55.7707282
          ],
          [
            37.6444909,
            55.7707758
          ],
          [
            37.6446148,
            55.7708671
          ],
          [
            37.6446539,
            55.7708958
          ]
        ]
      }
    },
    {
      "type": "Feature",
      "id": "way/8109983",
      "properties": {
        "osm_way_id": 8109983,
        "highway_type": "unclassified",
        "name": "Хомутовский тупик",
        "oneway": null,
        "maxspeed": null,
        "surface": "asphalt"
      },
      "geometry": {
        "type": "LineString",
        "coordinates": [
          [
            37.6533301,
            55.7662096
          ],
          [
            37.653557,
            55.7662663
          ],
          [
            37.653716,
            55.766306
          ],
          [
            37.6543669,
            55.766469
          ],
          [
            37.6544616,
            55.7664927
          ],
          [
            37.6546204,
            55.7665325
          ],
          [
            37.654949,
            55.7666154
          ],
          [
            37.6557292,
            55.7668088
          ],
          [
            37.6560522,
            55.7668903
          ],
          [
            37.656373,
            55.7669705
          ]
        ]
      }
    },
    {
      "type": "Feature",
      "id": "way/8110048",
      "properties": {
        "osm_way_id": 8110048,
        "highway_type": "secondary",
        "name": "Новая Басманная улица",
        "oneway": "yes",
        "maxspeed": "RU:urban",
        "surface": "asphalt"
      },
      "geometry": {
        "type": "LineString",
        "coordinates": [
          [
            37.649674,
            55.7687315
          ],
          [
            37.6499957,
            55.7687935
          ],
          [
            37.6501277,
            55.7688456
          ],
          [
            37.6502216,
            55.7688659
          ],
          [
            37.6502953,
            55.768875
          ],
          [
            37.6503937,
            55.7688764
          ],
          [
            37.6505374,
            55.7688776
          ]
        ]
      }
    },
    {
      "type": "Feature",
      "id": "way/8110049",
      "properties": {
        "osm_way_id": 8110049,
        "highway_type": "primary",
        "name": "Каланчёвская улица",
        "oneway": "yes",
        "maxspeed": "RU:urban",
        "surface": "asphalt"
      },
      "geometry": {
        "type": "LineString",
        "coordinates": [
          [
            37.649674,
            55.7687315
          ],
          [
            37.6498246,
            55.7687829
          ],
          [
            37.6499282,
            55.7688363
          ],
          [
            37.6501453,
            55.7689812
          ]
        ]
      }
    },
    {
      "type": "Feature",
      "id": "way/8110100",
      "properties": {
        "osm_way_id": 8110100,
        "highway_type": "secondary",
        "name": "Новая Басманная улица",
        "oneway": null,
        "maxspeed": "50",
        "surface": "asphalt"
      },
      "geometry": {
        "type": "LineString",
        "coordinates": [
          [
            37.6547878,
            55.7695985
          ],
          [
            37.6552746,
            55.7696063
          ]
        ]
      }
    },
    {
      "type": "Feature",
      "id": "way/8810101",
      "properties": {
        "osm_way_id": 8810101,
        "highway_type": "unclassified",
        "name": "Бобров переулок",
        "oneway": "yes",
        "maxspeed": "30",
        "surface": "asphalt"
      },
      "geometry": {
        "type": "LineString",
        "coordinates": [
          [
            37.6365892,
            55.764434
          ],
          [
            37.6364235,
            55.7644864
          ],
          [
            37.6357075,
            55.7647398
          ],
          [
            37.6353003,
            55.7648775
          ],
          [
            37.6351544,
            55.7649295
          ],
          [
            37.6350491,
            55.7649905
          ],
          [
            37.6349469,
            55.7650577
          ],
          [
            37.6348419,
            55.7651263
          ],
          [
            37.6347395,
            55.7651933
          ],
          [
            37.6344786,
            55.7653937
          ],
          [
            37.6344321,
            55.7654174
          ],
          [
            37.6343599,
            55.7654438
          ],
          [
            37.6342826,
            55.7654553
          ],
          [
            37.6342115,
            55.7654625
          ],
          [
            37.6338443,
            55.7654706
          ],
          [
            37.6330958,
            55.7654872
          ],
          [
            37.632602,
            55.7654971
          ],
          [
            37.6324307,
            55.7655006
          ]
        ]
      }
    },
    {
      "type": "Feature",
      "id": "way/8810223",
      "properties": {
        "osm_way_id": 8810223,
        "highway_type": "unclassified",
        "name": "Банковский переулок",
        "oneway": "yes",
        "maxspeed": "30",
        "surface": "asphalt"
      },
      "geometry": {
        "type": "LineString",
        "coordinates": [
          [
            37.6345899,
            55.7624612
          ],
          [
            37.6346888,
            55.7624119
          ],
          [
            37.6349973,
            55.7622583
          ],
          [
            37.6355856,
            55.7619654
          ],
          [
            37.6356584,
            55.7619292
          ]
        ]
      }
    },
    {
      "type": "Feature",
      "id": "way/8810336",
      "properties": {
        "osm_way_id": 8810336,
        "highway_type": "unclassified",
        "name": "Большой Златоустинский переулок",
        "oneway": "yes",
        "maxspeed": "30",
        "surface": "asphalt"
      },
      "geometry": {
        "type": "LineString",
        "coordinates": [
          [
            37.6313492,
            55.7603457
          ],
          [
            37.6313281,
            55.7602744
          ],
          [
            37.6313405,
            55.7602077
          ],
          [
            37.631412,
            55.7600445
          ],
          [
            37.6314874,
            55.7598932
          ],
          [
            37.6315856,
            55.7596961
          ],
          [
            37.6316041,
            55.7596596
          ],
          [
            37.6317846,
            55.7592854
          ],
          [
            37.6318062,
            55.759252
          ],
          [
            37.6318522,
            55.7592033
          ],
          [
            37.6319619,
            55.7591123
          ],
          [
            37.6323175,
            55.7587764
          ],
          [
            37.6326844,
            55.758453
          ],
          [
            37.6328918,
            55.7582738
          ],
          [
            37.6331542,
            55.7580483
          ],
          [
            37.6331963,
            55.7580121
          ],
          [
            37.633335,
            55.7578919
          ],
          [
            37.633356,
            55.7578736
          ],
          [
            37.6334409,
            55.7577995
          ],
          [
            37.6336356,
            55.7576232
          ],
          [
            37.6337092,
            55.7575565
          ]
        ]
      }
    },
    {
      "type": "Feature",
      "id": "way/8810454",
      "properties": {
        "osm_way_id": 8810454,
        "highway_type": "service",
        "name": null,
        "oneway": null,
        "maxspeed": null,
        "surface": "asphalt"
      },
      "geometry": {
        "type": "LineString",
        "coordinates": [
          [
            37.6327089,
            55.7595778
          ],
          [
            37.6325885,
            55.7595451
          ],
          [
            37.6324625,
            55.7595108
          ],
          [
            37.6323217,
            55.7594617
          ],
          [
            37.6318446,
            55.7593039
          ],
          [
            37.6317846,
            55.7592854
          ]
        ]
      }
    },
    {
      "type": "Feature",
      "id": "way/8810476",
      "properties": {
        "osm_way_id": 8810476,
        "highway_type": "secondary",
        "name": "улица Маросейка",
        "oneway": "yes",
        "maxspeed": "50",
        "surface": "asphalt"
      },
      "geometry": {
        "type": "LineString",
        "coordinates": [
          [
            37.6314869,
            55.7571629
          ],
          [
            37.6316008,
            55.7572015
          ],
          [
            37.6316236,
            55.7572095
          ],
          [
            37.6316624,
            55.7572217
          ],
          [
            37.6316987,
            55.7572329
          ],
          [
            37.6317406,
            55.7572436
          ],
          [
            37.6323244,
            55.7573533
          ],
          [
            37.6325611,
            55.7573933
          ],
          [
            37.6327562,
            55.7574263
          ],
          [
            37.6327897,
            55.7574315
          ],
          [
            37.6328822,
            55.7574458
          ],
          [
            37.6331769,
            55.7574914
          ],
          [
            37.633485,
            55.757531
          ],
          [
            37.6337092,
            55.7575565
          ]
        ]
      }
    },
    {
      "type": "Feature",
      "id": "way/8810679",
      "properties": {
        "osm_way_id": 8810679,
        "highway_type": "unclassified",
        "name": "Армянский переулок",
        "oneway": "yes",
        "maxspeed": "30",
        "surface": "asphalt"
      },
      "geometry": {
        "type": "LineString",
        "coordinates": [
          [
            37.6373804,
            55.7592516
          ],
          [
            37.6374736,
            55.7591803
          ],
          [
            37.6375631,
            55.7591117
          ],
          [
            37.6376218,
            55.7590667
          ],
          [
            37.6377971,
            55.7589322
          ],
          [
            37.6379893,
            55.7587802
          ]
        ]
      }
    },
    {
      "type": "Feature",
      "id": "way/8810805",
      "properties": {
        "osm_way_id": 8810805,
        "highway_type": "unclassified",
        "name": "Старосадский переулок",
        "oneway": "yes",
        "maxspeed": "30",
        "surface": "asphalt"
      },
      "geometry": {
        "type": "LineString",
        "coordinates": [
          [
            37.6399802,
            55.7551962
          ],
          [
            37.6398765,
            55.755237
          ],
          [
            37.6397362,
            55.7553128
          ],
          [
            37.6396738,
            55.7553501
          ],
          [
            37.6396402,
            55.7553836
          ],
          [
            37.6396161,
            55.7554283
          ],
          [
            37.6395129,
            55.7557138
          ],
          [
            37.6394995,
            55.7557788
          ],
          [
            37.6394945,
            55.7558253
          ],
          [
            37.6394792,
            55.7559594
          ],
          [
            37.6394728,
            55.7560635
          ],
          [
            37.639474,
            55.7561052
          ],
          [
            37.6394816,
            55.7562274
          ],
          [
            37.6394928,
            55.7564091
          ],
          [
            37.6395056,
            55.7566155
          ],
          [
            37.6395101,
            55.7566678
          ],
          [
            37.6395154,
            55.7567139
          ],
          [
            37.6395264,
            55.7567728
          ],
          [
            37.6395307,
            55.7567952
          ],
          [
            37.6395901,
            55.7570993
          ],
          [
            37.6395971,
            55.7571605
          ],
          [
            37.6395972,
            55.7572117
          ],
          [
            37.6395955,
            55.7572313
          ],
          [
            37.6395853,
            55.757256
          ],
          [
            37.6395596,
            55.757288
          ],
          [
            37.6393728,
            55.7574655
          ],
          [
            37.6391735,
            55.7576549
          ],
          [
            37.6389674,
            55.7578479
          ],
          [
            37.6387545,
            55.7580602
          ],
          [
            37.6387051,
            55.7581095
          ],
          [
            37.638644,
            55.7581803
          ]
        ]
      }
    },
    {
      "type": "Feature",
      "id": "way/8810893",
      "properties": {
        "osm_way_id": 8810893,
        "highway_type": "secondary",
        "name": "улица Покровка",
        "oneway": "yes",
        "maxspeed": "50",
        "surface": "asphalt"
      },
      "geometry": {
        "type": "LineString",
        "coordinates": [
          [
            37.638644,
            55.7581803
          ],
          [
            37.6391896,
            55.7583093
          ],
          [
            37.639416,
            55.7583618
          ],
          [
            37.6397609,
            55.7584416
          ],
          [
            37.6398889,
            55.7584728
          ],
          [
            37.640277,
            55.7585628
          ],
          [
            37.6403078,
            55.7585688
          ],
          [
            37.6404388,
            55.7585941
          ]
        ]
      }
    },
    {
      "type": "Feature",
      "id": "way/8811085",
      "properties": {
        "osm_way_id": 8811085,
        "highway_type": "unclassified",
        "name": "Потаповский переулок",
        "oneway": "yes",
        "maxspeed": "30",
        "surface": "asphalt"
      },
      "geometry": {
        "type": "LineString",
        "coordinates": [
          [
            37.6417553,
            55.7588144
          ],
          [
            37.6417298,
            55.7588992
          ],
          [
            37.6416695,
            55.7591063
          ],
          [
            37.6416369,
            55.7593164
          ],
          [
            37.6416091,
            55.7596169
          ],
          [
            37.641591,
            55.759922
          ],
          [
            37.6415896,
            55.7599507
          ],
          [
            37.641585,
            55.7600515
          ],
          [
            37.6415786,
            55.7601885
          ],
          [
            37.6415768,
            55.7602277
          ],
          [
            37.641554,
            55.7603106
          ],
          [
            37.6414317,
            55.7605719
          ],
          [
            37.6414067,
            55.7606116
          ],
          [
            37.6411982,
            55.7609138
          ],
          [
            37.6411596,
            55.7609703
          ]
        ]
      }
    },
    {
      "type": "Feature",
      "id": "way/8811155",
      "properties": {
        "osm_way_id": 8811155,
        "highway_type": "unclassified",
        "name": "Колпачный переулок",
        "oneway": "yes",
        "maxspeed": "30",
        "surface": "asphalt"
      },
      "geometry": {
        "type": "LineString",
        "coordinates": [
          [
            37.6429826,
            55.7581945
          ],
          [
            37.6429187,
            55.7581293
          ],
          [
            37.6428622,
            55.7580715
          ],
          [
            37.642575,
            55.7577784
          ],
          [
            37.642334,
            55.7575325
          ],
          [
            37.6421746,
            55.7573698
          ],
          [
            37.6420665,
            55.7572592
          ],
          [
            37.6419709,
            55.7571614
          ],
          [
            37.6418232,
            55.75701
          ],
          [
            37.641766,
            55.756942
          ],
          [
            37.6417539,
            55.7568862
          ],
          [
            37.6417608,
            55.7568334
          ],
          [
            37.6417868,
            55.7567235
          ],
          [
            37.6417964,
            55.7566824
          ],
          [
            37.6418964,
            55.7562322
          ],
          [
            37.6419561,
            55.7560076
          ],
          [
            37.6421096,
            55.7554304
          ],
          [
            37.6421286,
            55.7553634
          ]
        ]
      }
    },
    {
      "type": "Feature",
      "id": "way/8811315",
      "properties": {
        "osm_way_id": 8811315,
        "highway_type": "secondary",
        "name": "Покровский бульвар",
        "oneway": "yes",
        "maxspeed": "50",
        "surface": "asphalt"
      },
      "geometry": {
        "type": "LineString",
        "coordinates": [
          [
            37.6453078,
            55.7592756
          ],
          [
            37.6453513,
            55.7592484
          ],
          [
            37.6453811,
            55.7592224
          ],
          [
            37.6453848,
            55.7592178
          ],
          [
            37.6455938,
            55.7588896
          ],
          [
            37.6456105,
            55.7588654
          ],
          [
            37.6458442,
            55.7585225
          ],
          [
            37.6458613,
            55.7584957
          ],
          [
            37.6459949,
            55.7582856
          ]
        ]
      }
    },
    {
      "type": "Feature",
      "id": "way/8811536",
      "properties": {
        "osm_way_id": 8811536,
        "highway_type": "secondary",
        "name": "Чистопрудный бульвар",
        "oneway": "yes",
        "maxspeed": "50",
        "surface": "asphalt"
      },
      "geometry": {
        "type": "LineString",
        "coordinates": [
          [
            37.6373343,
            55.7651529
          ],
          [
            37.6375522,
            55.7650353
          ],
          [
            37.6380259,
            55.7647796
          ],
          [
            37.6384844,
            55.7645449
          ],
          [
            37.6388623,
            55.7643537
          ]
        ]
      }
    },
    {
      "type": "Feature",
      "id": "way/8811597",
      "properties": {
        "osm_way_id": 8811597,
        "highway_type": "secondary",
        "name": "Чистопрудный бульвар",
        "oneway": "yes",
        "maxspeed": "50",
        "surface": "asphalt"
      },
      "geometry": {
        "type": "LineString",
        "coordinates": [
          [
            37.6462527,
            55.7593985
          ],
          [
            37.6461926,
            55.7594826
          ],
          [
            37.6460244,
            55.7599342
          ],
          [
            37.6459835,
            55.7600422
          ],
          [
            37.6459697,
            55.7600821
          ],
          [
            37.6459569,
            55.7601561
          ],
          [
            37.6459649,
            55.7602796
          ],
          [
            37.645967,
            55.7603677
          ]
        ]
      }
    },
    {
      "type": "Feature",
      "id": "way/8811910",
      "properties": {
        "osm_way_id": 8811910,
        "highway_type": "unclassified",
        "name": "Архангельский переулок",
        "oneway": null,
        "maxspeed": "30",
        "surface": "asphalt"
      },
      "geometry": {
        "type": "LineString",
        "coordinates": [
          [
            37.6404145,
            55.7635591
          ],
          [
            37.6403601,
            55.7635255
          ],
          [
            37.6403308,
            55.763507
          ],
          [
            37.640114,
            55.76337
          ],
          [
            37.6399022,
            55.7632332
          ],
          [
            37.639865,
            55.7632082
          ],
          [
            37.6395515,
            55.7629966
          ],
          [
            37.639537,
            55.7629867
          ],
          [
            37.6395087,
            55.7629643
          ],
          [
            37.6392235,
            55.7627387
          ],
          [
            37.6391453,
            55.7626768
          ],
          [
            37.6389751,
            55.7625326
          ],
          [
            37.638951,
            55.7625122
          ],
          [
            37.6386862,
            55.762288
          ],
          [
            37.6386324,
            55.7622186
          ]
        ]
      }
    },
    {
      "type": "Feature",
      "id": "way/8879806",
      "properties": {
        "osm_way_id": 8879806,
        "highway_type": "tertiary",
        "name": "Селезнёвская улица",
        "oneway": "yes",
        "maxspeed": null,
        "surface": "asphalt"
      },
      "geometry": {
        "type": "LineString",
        "coordinates": [
          [
            37.6019979,
            55.7793682
          ],
          [
            37.6018095,
            55.779305
          ],
          [
            37.6016126,
            55.7792389
          ]
        ]
      }
    },
    {
      "type": "Feature",
      "id": "way/8879815",
      "properties": {
        "osm_way_id": 8879815,
        "highway_type": "secondary",
        "name": "Краснопролетарская улица",
        "oneway": null,
        "maxspeed": "RU:urban",
        "surface": "asphalt"
      },
      "geometry": {
        "type": "LineString",
        "coordinates": [
          [
            37.6084552,
            55.7740997
          ],
          [
            37.6082633,
            55.7745336
          ],
          [
            37.6082059,
            55.7746632
          ],
          [
            37.6080627,
            55.7749444
          ],
          [
            37.6079671,
            55.775133
          ],
          [
            37.607872,
            55.7753172
          ],
          [
            37.6077164,
            55.7756002
          ],
          [
            37.6076782,
            55.7756758
          ],
          [
            37.6074652,
            55.7760734
          ],
          [
            37.6073469,
            55.776292
          ],
          [
            37.6073382,
            55.7763088
          ],
          [
            37.6071662,
            55.776629
          ],
          [
            37.6071222,
            55.7767104
          ]
        ]
      }
    },
    {
      "type": "Feature",
      "id": "way/9017366",
      "properties": {
        "osm_way_id": 9017366,
        "highway_type": "primary",
        "name": "Садовая-Триумфальная улица",
        "oneway": "yes",
        "maxspeed": "RU:urban",
        "surface": "asphalt"
      },
      "geometry": {
        "type": "LineString",
        "coordinates": [
          [
            37.6044479,
            55.7725302
          ],
          [
            37.6042682,
            55.7724858
          ],
          [
            37.6041867,
            55.7724659
          ],
          [
            37.6038941,
            55.7723811
          ],
          [
            37.6036933,
            55.7723207
          ],
          [
            37.6033475,
            55.7722166
          ]
        ]
      }
    },
    {
      "type": "Feature",
      "id": "way/9017369",
      "properties": {
        "osm_way_id": 9017369,
        "highway_type": "primary",
        "name": "Садовая-Триумфальная улица (дублёр)",
        "oneway": "yes",
        "maxspeed": "RU:urban",
        "surface": "asphalt"
      },
      "geometry": {
        "type": "LineString",
        "coordinates": [
          [
            37.5992049,
            55.770662
          ],
          [
            37.5999545,
            55.7709603
          ],
          [
            37.6001233,
            55.7710261
          ],
          [
            37.6004153,
            55.7711302
          ],
          [
            37.6007469,
            55.7712679
          ],
          [
            37.6010685,
            55.771393
          ]
        ]
      }
    },
    {
      "type": "Feature",
      "id": "way/9017808",
      "properties": {
        "osm_way_id": 9017808,
        "highway_type": "primary",
        "name": "Садовая-Каретная улица",
        "oneway": "yes",
        "maxspeed": "RU:urban",
        "surface": "asphalt"
      },
      "geometry": {
        "type": "LineString",
        "coordinates": [
          [
            37.6134101,
            55.7735299
          ],
          [
            37.612522,
            55.7735026
          ],
          [
            37.6117662,
            55.7734594
          ]
        ]
      }
    },
    {
      "type": "Feature",
      "id": "way/9019216",
      "properties": {
        "osm_way_id": 9019216,
        "highway_type": "primary",
        "name": "Триумфальная площадь",
        "oneway": "yes",
        "maxspeed": "RU:urban",
        "surface": "asphalt"
      },
      "geometry": {
        "type": "LineString",
        "coordinates": [
          [
            37.5967711,
            55.7695728
          ],
          [
            37.5966009,
            55.7696906
          ],
          [
            37.5959026,
            55.7701795
          ]
        ]
      }
    },
    {
      "type": "Feature",
      "id": "way/9562357",
      "properties": {
        "osm_way_id": 9562357,
        "highway_type": "unclassified",
        "name": "Милютинский переулок",
        "oneway": null,
        "maxspeed": "30",
        "surface": "asphalt"
      },
      "geometry": {
        "type": "LineString",
        "coordinates": [
          [
            37.6325598,
            55.7663134
          ],
          [
            37.6325532,
            55.7662569
          ],
          [
            37.632547,
            55.7662189
          ],
          [
            37.6325035,
            55.7659527
          ],
          [
            37.6324674,
            55.7657172
          ]
        ]
      }
    },
    {
      "type": "Feature",
      "id": "way/9562614",
      "properties": {
        "osm_way_id": 9562614,
        "highway_type": "secondary",
        "name": null,
        "oneway": "yes",
        "maxspeed": "50",
        "surface": "asphalt"
      },
      "geometry": {
        "type": "LineString",
        "coordinates": [
          [
            37.621111,
            55.7673747
          ],
          [
            37.621139,
            55.7672267
          ],
          [
            37.6211429,
            55.7672062
          ],
          [
            37.6211569,
            55.7671613
          ]
        ]
      }
    },
    {
      "type": "Feature",
      "id": "way/9562620",
      "properties": {
        "osm_way_id": 9562620,
        "highway_type": "secondary",
        "name": "Сретенский бульвар",
        "oneway": "yes",
        "maxspeed": "50",
        "surface": "asphalt"
      },
      "geometry": {
        "type": "LineString",
        "coordinates": [
          [
            37.6364567,
            55.766056
          ],
          [
            37.6363393,
            55.7661123
          ],
          [
            37.6361548,
            55.7662008
          ],
          [
            37.6360748,
            55.7662324
          ],
          [
            37.6359951,
            55.7662578
          ],
          [
            37.6356822,
            55.7663501
          ],
          [
            37.6352388,
            55.7664728
          ]
        ]
      }
    },
    {
      "type": "Feature",
      "id": "way/9562772",
      "properties": {
        "osm_way_id": 9562772,
        "highway_type": "secondary",
        "name": null,
        "oneway": "yes",
        "maxspeed": "50",
        "surface": "asphalt"
      },
      "geometry": {
        "type": "LineString",
        "coordinates": [
          [
            37.6380237,
            55.7653701
          ],
          [
            37.6379619,
            55.7653967
          ],
          [
            37.6374762,
            55.765606
          ]
        ]
      }
    },
    {
      "type": "Feature",
      "id": "way/9562803",
      "properties": {
        "osm_way_id": 9562803,
        "highway_type": "primary",
        "name": "Мясницкая улица",
        "oneway": "yes",
        "maxspeed": null,
        "surface": "asphalt"
      },
      "geometry": {
        "type": "LineString",
        "coordinates": [
          [
            37.6462514,
            55.7696307
          ],
          [
            37.646125,
            55.7694738
          ]
        ]
      }
    },
    {
      "type": "Feature",
      "id": "way/9562968",
      "properties": {
        "osm_way_id": 9562968,
        "highway_type": "unclassified",
        "name": "Сретенский переулок",
        "oneway": null,
        "maxspeed": "30",
        "surface": "asphalt"
      },
      "geometry": {
        "type": "LineString",
        "coordinates": [
          [
            37.6322039,
            55.7646919
          ],
          [
            37.6320215,
            55.7647066
          ],
          [
            37.6316585,
            55.7647353
          ],
          [
            37.6313466,
            55.76476
          ],
          [
            37.6310738,
            55.7647932
          ],
          [
            37.630925,
            55.7648191
          ],
          [
            37.6303943,
            55.7649321
          ],
          [
            37.6302221,
            55.7649688
          ]
        ]
      }
    },
    {
      "type": "Feature",
      "id": "way/9708700",
      "properties": {
        "osm_way_id": 9708700,
        "highway_type": "unclassified",
        "name": "Кривоколенный переулок",
        "oneway": "yes",
        "maxspeed": "30",
        "surface": "asphalt"
      },
      "geometry": {
        "type": "LineString",
        "coordinates": [
          [
            37.6339615,
            55.7611111
          ],
          [
            37.6340823,
            55.7611701
          ],
          [
            37.6343857,
            55.761316
          ],
          [
            37.634797,
            55.7615203
          ],
          [
            37.6349093,
            55.7615711
          ],
          [
            37.6355604,
            55.7618762
          ],
          [
            37.6356584,
            55.7619292
          ],
          [
            37.6357602,
            55.7619837
          ],
          [
            37.6359921,
            55.7620893
          ],
          [
            37.636718,
            55.7624151
          ],
          [
            37.6367911,
            55.7624423
          ],
          [
            37.636861,
            55.7624645
          ],
          [
            37.6369444,
            55.7624853
          ],
          [
            37.6373679,
            55.7625903
          ],
          [
            37.6374306,
            55.7625996
          ],
          [
            37.6374885,
            55.7625955
          ],
          [
            37.6375475,
            55.7625812
          ],
          [
            37.6377139,
            55.7625263
          ],
          [
            37.637826,
            55.7624894
          ],
          [
            37.6378488,
            55.7624817
          ],
          [
            37.6385117,
            55.7622591
          ],
          [
            37.6385276,
            55.7622538
          ],
          [
            37.6386324,
            55.7622186
          ]
        ]
      }
    },
    {
      "type": "Feature",
      "id": "way/9708748",
      "properties": {
        "osm_way_id": 9708748,
        "highway_type": "unclassified",
        "name": "Кривоколенный переулок",
        "oneway": "yes",
        "maxspeed": "30",
        "surface": "asphalt"
      },
      "geometry": {
        "type": "LineString",
        "coordinates": [
          [
            37.6339615,
            55.7611111
          ],
          [
            37.6338826,
            55.761073
          ],
          [
            37.6335247,
            55.7608741
          ],
          [
            37.6334038,
            55.7608075
          ],
          [
            37.6333101,
            55.7607588
          ],
          [
            37.6332327,
            55.7607182
          ],
          [
            37.633105,
            55.7606546
          ],
          [
            37.6330441,
            55.7606291
          ],
          [
            37.6329766,
            55.7606191
          ],
          [
            37.6329125,
            55.7606215
          ],
          [
            37.6328525,
            55.760639
          ],
          [
            37.6325741,
            55.7607419
          ],
          [
            37.6321913,
            55.7608842
          ],
          [
            37.632128,
            55.7609091
          ],
          [
            37.6319939,
            55.7609604
          ]
        ]
      }
    },
    {
      "type": "Feature",
      "id": "way/9708846",
      "properties": {
        "osm_way_id": 9708846,
        "highway_type": "unclassified",
        "name": "Фролов переулок",
        "oneway": null,
        "maxspeed": "30",
        "surface": "asphalt"
      },
      "geometry": {
        "type": "LineString",
        "coordinates": [
          [
            37.6355644,
            55.76595
          ],
          [
            37.6355346,
            55.7659152
          ],
          [
            37.6355133,
            55.7658871
          ],
          [
            37.6353265,
            55.7655323
          ],
          [
            37.6350991,
            55.7650734
          ],
          [
            37.6350491,
            55.7649905
          ]
        ]
      }
    },
    {
      "type": "Feature",
      "id": "way/9886757",
      "properties": {
        "osm_way_id": 9886757,
        "highway_type": "secondary",
        "name": "Олимпийский проспект",
        "oneway": "yes",
        "maxspeed": "RU:urban",
        "surface": "asphalt"
      },
      "geometry": {
        "type": "LineString",
        "coordinates": [
          [
            37.6215074,
            55.7738735
          ],
          [
            37.6214802,
            55.7739011
          ],
          [
            37.6213646,
            55.7739967
          ],
          [
            37.6212268,
            55.774115
          ]
        ]
      }
    },
    {
      "type": "Feature",
      "id": "way/9886862",
      "properties": {
        "osm_way_id": 9886862,
        "highway_type": "secondary",
        "name": "Олимпийский проспект",
        "oneway": "yes",
        "maxspeed": "RU:urban",
        "surface": "asphalt"
      },
      "geometry": {
        "type": "LineString",
        "coordinates": [
          [
            37.6202608,
            55.7743599
          ],
          [
            37.6203357,
            55.7741973
          ],
          [
            37.6203978,
            55.7740544
          ],
          [
            37.6204229,
            55.774005
          ],
          [
            37.6204476,
            55.7739614
          ],
          [
            37.6205293,
            55.7738569
          ]
        ]
      }
    },
    {
      "type": "Feature",
      "id": "way/9887861",
      "properties": {
        "osm_way_id": 9887861,
        "highway_type": "residential",
        "name": "1-й Троицкий переулок",
        "oneway": "yes",
        "maxspeed": null,
        "surface": "asphalt"
      },
      "geometry": {
        "type": "LineString",
        "coordinates": [
          [
            37.6213064,
            55.7754862
          ],
          [
            37.6212072,
            55.7754859
          ],
          [
            37.6211112,
            55.7755032
          ],
          [
            37.6210372,
            55.7755375
          ],
          [
            37.6209666,
            55.7755857
          ],
          [
            37.6209401,
            55.7756687
          ],
          [
            37.6209223,
            55.7758713
          ],
          [
            37.6209345,
            55.7760279
          ],
          [
            37.6209722,
            55.7761544
          ],
          [
            37.621018,
            55.7763702
          ],
          [
            37.6210017,
            55.7764558
          ],
          [
            37.6209446,
            55.7765298
          ],
          [
            37.6208795,
            55.7765875
          ],
          [
            37.6208507,
            55.7766509
          ],
          [
            37.6208459,
            55.7767337
          ],
          [
            37.6208937,
            55.7768391
          ],
          [
            37.6209693,
            55.7770103
          ],
          [
            37.6210302,
            55.7771233
          ],
          [
            37.6210641,
            55.777167
          ],
          [
            37.6215049,
            55.7776489
          ],
          [
            37.6215565,
            55.7777052
          ],
          [
            37.6221947,
            55.7784031
          ]
        ]
      }
    },
    {
      "type": "Feature",
      "id": "way/9887907",
      "properties": {
        "osm_way_id": 9887907,
        "highway_type": "residential",
        "name": "Троицкая улица",
        "oneway": null,
        "maxspeed": null,
        "surface": "asphalt"
      },
      "geometry": {
        "type": "LineString",
        "coordinates": [
          [
            37.6274211,
            55.7748703
          ],
          [
            37.6273492,
            55.7748675
          ],
          [
            37.6254279,
            55.7748671
          ],
          [
            37.6248229,
            55.7748664
          ],
          [
            37.6239373,
            55.7748682
          ],
          [
            37.6237671,
            55.7748685
          ],
          [
            37.6231988,
            55.7747454
          ],
          [
            37.6231093,
            55.774745
          ]
        ]
      }
    },
    {
      "type": "Feature",
      "id": "way/9887937",
      "properties": {
        "osm_way_id": 9887937,
        "highway_type": "residential",
        "name": "переулок Васнецова",
        "oneway": "yes",
        "maxspeed": null,
        "surface": "asphalt"
      },
      "geometry": {
        "type": "LineString",
        "coordinates": [
          [
            37.6254279,
            55.7748671
          ],
          [
            37.6254909,
            55.7753858
          ],
          [
            37.6255949,
            55.7761315
          ],
          [
            37.6255971,
            55.7761499
          ],
          [
            37.6256091,
            55.7762379
          ],
          [
            37.6256451,
            55.7764593
          ],
          [
            37.6256646,
            55.7764795
          ],
          [
            37.6256963,
            55.7765037
          ]
        ]
      }
    },
    {
      "type": "Feature",
      "id": "way/9887987",
      "properties": {
        "osm_way_id": 9887987,
        "highway_type": "service",
        "name": null,
        "oneway": null,
        "maxspeed": null,
        "surface": null
      },
      "geometry": {
        "type": "LineString",
        "coordinates": [
          [
            37.6224783,
            55.7755844
          ],
          [
            37.6230769,
            55.7756323
          ],
          [
            37.6230266,
            55.7758529
          ],
          [
            37.6231864,
            55.7758647
          ],
          [
            37.6234772,
            55.7758861
          ],
          [
            37.6236826,
            55.7759012
          ],
          [
            37.6238488,
            55.7758978
          ],
          [
            37.624586,
            55.7758956
          ],
          [
            37.624588,
            55.7759497
          ],
          [
            37.6245931,
            55.7760903
          ],
          [
            37.6248774,
            55.7760843
          ],
          [
            37.6249871,
            55.7761127
          ]
        ]
      }
    },
    {
      "type": "Feature",
      "id": "way/9888092",
      "properties": {
        "osm_way_id": 9888092,
        "highway_type": "secondary",
        "name": "улица Дурова",
        "oneway": "yes",
        "maxspeed": "RU:urban",
        "surface": "asphalt"
      },
      "geometry": {
        "type": "LineString",
        "coordinates": [
          [
            37.6325559,
            55.7783733
          ],
          [
            37.632328,
            55.7783826
          ],
          [
            37.6319843,
            55.7783966
          ],
          [
            37.6318217,
            55.7784018
          ],
          [
            37.6315412,
            55.7784109
          ],
          [
            37.6311663,
            55.7784229
          ]
        ]
      }
    },
    {
      "type": "Feature",
      "id": "way/9891826",
      "properties": {
        "osm_way_id": 9891826,
        "highway_type": "primary",
        "name": "улица Воздвиженка",
        "oneway": "yes",
        "maxspeed": "50",
        "surface": "asphalt"
      },
      "geometry": {
        "type": "LineString",
        "coordinates": [
          [
            37.6018232,
            55.7529683
          ],
          [
            37.6013498,
            55.7529893
          ],
          [
            37.6010652,
            55.7529963
          ]
        ]
      }
    },
    {
      "type": "Feature",
      "id": "way/10410644",
      "properties": {
        "osm_way_id": 10410644,
        "highway_type": "primary",
        "name": "Садовая-Спасская улица",
        "oneway": "yes",
        "maxspeed": "RU:urban",
        "surface": "asphalt"
      },
      "geometry": {
        "type": "LineString",
        "coordinates": [
          [
            37.649674,
            55.7687315
          ],
          [
            37.6494343,
            55.7688093
          ],
          [
            37.6492257,
            55.7688746
          ],
          [
            37.6488241,
            55.7689827
          ],
          [
            37.6485033,
            55.7690647
          ],
          [
            37.648004,
            55.769187
          ],
          [
            37.6466693,
            55.769528
          ],
          [
            37.6462514,
            55.7696307
          ]
        ]
      }
    },
    {
      "type": "Feature",
      "id": "way/10410694",
      "properties": {
        "osm_way_id": 10410694,
        "highway_type": "primary",
        "name": "Малая Сухаревская площадь",
        "oneway": "yes",
        "maxspeed": "RU:urban",
        "surface": "asphalt"
      },
      "geometry": {
        "type": "LineString",
        "coordinates": [
          [
            37.6325092,
            55.7728248
          ],
          [
            37.6322946,
            55.7728514
          ]
        ]
      }
    },
    {
      "type": "Feature",
      "id": "way/10412018",
      "properties": {
        "osm_way_id": 10412018,
        "highway_type": "secondary",
        "name": "Садовая-Самотёчная улица",
        "oneway": "yes",
        "maxspeed": "RU:urban",
        "surface": "asphalt"
      },
      "geometry": {
        "type": "LineString",
        "coordinates": [
          [
            37.6189225,
            55.7738053
          ],
          [
            37.6185051,
            55.7737917
          ],
          [
            37.6181258,
            55.7737828
          ]
        ]
      }
    },
    {
      "type": "Feature",
      "id": "way/10412321",
      "properties": {
        "osm_way_id": 10412321,
        "highway_type": "secondary",
        "name": "Самотёчная площадь",
        "oneway": "yes",
        "maxspeed": "RU:urban",
        "surface": "asphalt"
      },
      "geometry": {
        "type": "LineString",
        "coordinates": [
          [
            37.6215074,
            55.7738735
          ],
          [
            37.6205293,
            55.7738569
          ]
        ]
      }
    },
    {
      "type": "Feature",
      "id": "way/10412364",
      "properties": {
        "osm_way_id": 10412364,
        "highway_type": "secondary",
        "name": "Самотёчная площадь",
        "oneway": "yes",
        "maxspeed": "RU:urban",
        "surface": "asphalt"
      },
      "geometry": {
        "type": "LineString",
        "coordinates": [
          [
            37.6205293,
            55.7738569
          ],
          [
            37.6205966,
            55.7737723
          ],
          [
            37.6206914,
            55.773684
          ],
          [
            37.6208762,
            55.7735378
          ]
        ]
      }
    },
    {
      "type": "Feature",
      "id": "way/10412655",
      "properties": {
        "osm_way_id": 10412655,
        "highway_type": "secondary",
        "name": "Садовая-Самотёчная улица",
        "oneway": "yes",
        "maxspeed": "RU:urban",
        "surface": "asphalt"
      },
      "geometry": {
        "type": "LineString",
        "coordinates": [
          [
            37.6134349,
            55.7733793
          ],
          [
            37.6138938,
            55.7733461
          ],
          [
            37.6144703,
            55.7733399
          ],
          [
            37.6146327,
            55.7733386
          ],
          [
            37.6149129,
            55.7733397
          ],
          [
            37.6152696,
            55.7733501
          ],
          [
            37.6159528,
            55.7733752
          ],
          [
            37.6181279,
            55.773455
          ]
        ]
      }
    },
    {
      "type": "Feature",
      "id": "way/10412842",
      "properties": {
        "osm_way_id": 10412842,
        "highway_type": "tertiary",
        "name": "улица Щепкина",
        "oneway": "yes",
        "maxspeed": "RU:urban",
        "surface": "asphalt"
      },
      "geometry": {
        "type": "LineString",
        "coordinates": [
          [
            37.6288275,
            55.775514
          ],
          [
            37.6288341,
            55.7758905
          ],
          [
            37.6288371,
            55.7759812
          ],
          [
            37.6288416,
            55.7761149
          ],
          [
            37.6288445,
            55.7762068
          ]
        ]
      }
    },
    {
      "type": "Feature",
      "id": "way/10467381",
      "properties": {
        "osm_way_id": 10467381,
        "highway_type": "construction",
        "name": null,
        "oneway": "yes",
        "maxspeed": null,
        "surface": "asphalt"
      },
      "geometry": {
        "type": "LineString",
        "coordinates": [
          [
            37.6193863,
            55.7803148
          ],
          [
            37.6196642,
            55.7795309
          ]
        ]
      }
    },
    {
      "type": "Feature",
      "id": "way/10468418",
      "properties": {
        "osm_way_id": 10468418,
        "highway_type": "primary",
        "name": "Садовая-Каретная улица",
        "oneway": "yes",
        "maxspeed": "RU:urban",
        "surface": "asphalt"
      },
      "geometry": {
        "type": "LineString",
        "coordinates": [
          [
            37.6044849,
            55.7723833
          ],
          [
            37.6046804,
            55.7724266
          ],
          [
            37.605063,
            55.7725123
          ],
          [
            37.6052099,
            55.7725414
          ],
          [
            37.6054032,
            55.772576
          ],
          [
            37.6055289,
            55.772597
          ],
          [
            37.6057452,
            55.7726304
          ],
          [
            37.6070019,
            55.7728139
          ],
          [
            37.6073058,
            55.7728569
          ],
          [
            37.6075878,
            55.7728953
          ],
          [
            37.6078205,
            55.7729242
          ]
        ]
      }
    },
    {
      "type": "Feature",
      "id": "way/10468440",
      "properties": {
        "osm_way_id": 10468440,
        "highway_type": "residential",
        "name": "1-й Волконский переулок",
        "oneway": "yes",
        "maxspeed": "30",
        "surface": "asphalt"
      },
      "geometry": {
        "type": "LineString",
        "coordinates": [
          [
            37.6139281,
            55.7753024
          ],
          [
            37.613869,
            55.7753215
          ],
          [
            37.6137859,
            55.7753483
          ]
        ]
      }
    },
    {
      "type": "Feature",
      "id": "way/10468576",
      "properties": {
        "osm_way_id": 10468576,
        "highway_type": "unclassified",
        "name": "2-й Волконский переулок",
        "oneway": "yes",
        "maxspeed": "30",
        "surface": "asphalt"
      },
      "geometry": {
        "type": "LineString",
        "coordinates": [
          [
            37.61819,
            55.7755327
          ],
          [
            37.6182778,
            55.7755328
          ],
          [
            37.6184575,
            55.7755329
          ],
          [
            37.6185104,
            55.7755329
          ]
        ]
      }
    },
    {
      "type": "Feature",
      "id": "way/10469400",
      "properties": {
        "osm_way_id": 10469400,
        "highway_type": "residential",
        "name": "Калмыков переулок",
        "oneway": null,
        "maxspeed": null,
        "surface": "asphalt"
      },
      "geometry": {
        "type": "LineString",
        "coordinates": [
          [
            37.627495,
            55.775265
          ],
          [
            37.6275447,
            55.7752692
          ],
          [
            37.6280758,
            55.7753143
          ],
          [
            37.6286881,
            55.7753663
          ],
          [
            37.6288251,
            55.775378
          ]
        ]
      }
    },
    {
      "type": "Feature",
      "id": "way/10516223",
      "properties": {
        "osm_way_id": 10516223,
        "highway_type": "secondary",
        "name": "улица Гиляровского",
        "oneway": "yes",
        "maxspeed": "40",
        "surface": "asphalt"
      },
      "geometry": {
        "type": "LineString",
        "coordinates": [
          [
            37.630516,
            55.7768283
          ],
          [
            37.6305128,
            55.7767985
          ],
          [
            37.6305068,
            55.7767599
          ]
        ]
      }
    },
    {
      "type": "Feature",
      "id": "way/10587294",
      "properties": {
        "osm_way_id": 10587294,
        "highway_type": "secondary",
        "name": "улица Большая Полянка",
        "oneway": "yes",
        "maxspeed": "50",
        "surface": "asphalt"
      },
      "geometry": {
        "type": "LineString",
        "coordinates": [
          [
            37.6165123,
            55.7407838
          ],
          [
            37.6167951,
            55.7404984
          ]
        ]
      }
    },
    {
      "type": "Feature",
      "id": "way/10591574",
      "properties": {
        "osm_way_id": 10591574,
        "highway_type": "secondary",
        "name": null,
        "oneway": "yes",
        "maxspeed": "50",
        "surface": "asphalt"
      },
      "geometry": {
        "type": "LineString",
        "coordinates": [
          [
            37.6418756,
            55.7458789
          ],
          [
            37.6417069,
            55.7461462
          ],
          [
            37.6415714,
            55.7463129
          ]
        ]
      }
    },
    {
      "type": "Feature",
      "id": "way/10591576",
      "properties": {
        "osm_way_id": 10591576,
        "highway_type": "unclassified",
        "name": "улица Станиславского",
        "oneway": null,
        "maxspeed": "RU:urban",
        "surface": "asphalt"
      },
      "geometry": {
        "type": "LineString",
        "coordinates": [
          [
            37.6624179,
            55.745187
          ],
          [
            37.6619998,
            55.7449963
          ],
          [
            37.6614598,
            55.7447471
          ],
          [
            37.6612361,
            55.7446437
          ],
          [
            37.6603484,
            55.744192
          ],
          [
            37.6602678,
            55.7441548
          ],
          [
            37.6598542,
            55.7439409
          ],
          [
            37.6597195,
            55.7438627
          ],
          [
            37.6596266,
            55.7437714
          ],
          [
            37.6596125,
            55.743747
          ],
          [
            37.6595947,
            55.7437162
          ],
          [
            37.6595808,
            55.7436593
          ],
          [
            37.6595737,
            55.7435922
          ],
          [
            37.659578,
            55.7435371
          ]
        ]
      }
    },
    {
      "type": "Feature",
      "id": "way/10591978",
      "properties": {
        "osm_way_id": 10591978,
        "highway_type": "tertiary",
        "name": "Овчинниковская набережная",
        "oneway": "yes",
        "maxspeed": "50",
        "surface": "asphalt"
      },
      "geometry": {
        "type": "LineString",
        "coordinates": [
          [
            37.6263845,
            55.7459815
          ],
          [
            37.6265129,
            55.7459907
          ],
          [
            37.6266264,
            55.7459932
          ],
          [
            37.6268446,
            55.7459915
          ],
          [
            37.6269696,
            55.7459867
          ],
          [
            37.6271886,
            55.7459743
          ],
          [
            37.6274743,
            55.7459496
          ],
          [
            37.6280822,
            55.7458792
          ],
          [
            37.628785,
            55.745799
          ],
          [
            37.6291916,
            55.7457494
          ],
          [
            37.629687,
            55.7456901
          ],
          [
            37.6297805,
            55.7456792
          ],
          [
            37.6303641,
            55.7456113
          ],
          [
            37.6307959,
            55.7455624
          ],
          [
            37.6313745,
            55.7454951
          ]
        ]
      }
    },
    {
      "type": "Feature",
      "id": "way/10615634",
      "properties": {
        "osm_way_id": 10615634,
        "highway_type": "tertiary",
        "name": "Делегатская улица",
        "oneway": null,
        "maxspeed": "RU:urban",
        "surface": "asphalt"
      },
      "geometry": {
        "type": "LineString",
        "coordinates": [
          [
            37.6114941,
            55.7742914
          ],
          [
            37.6116796,
            55.7743928
          ],
          [
            37.6124262,
            55.7748447
          ]
        ]
      }
    },
    {
      "type": "Feature",
      "id": "way/10616166",
      "properties": {
        "osm_way_id": 10616166,
        "highway_type": "secondary",
        "name": "Цветной бульвар",
        "oneway": "yes",
        "maxspeed": "50",
        "surface": "asphalt"
      },
      "geometry": {
        "type": "LineString",
        "coordinates": [
          [
            37.6209696,
            55.7734461
          ],
          [
            37.6209955,
            55.773396
          ],
          [
            37.6210177,
            55.7733223
          ],
          [
            37.6210257,
            55.773256
          ],
          [
            37.6210308,
            55.7731824
          ],
          [
            37.6210354,
            55.7729323
          ],
          [
            37.6210433,
            55.7725213
          ],
          [
            37.6210524,
            55.7722265
          ],
          [
            37.6210535,
            55.7721682
          ],
          [
            37.621059,
            55.7719144
          ],
          [
            37.6210583,
            55.771614
          ],
          [
            37.6210598,
            55.7714532
          ],
          [
            37.621065,
            55.7708823
          ],
          [
            37.6210678,
            55.7703193
          ],
          [
            37.6210689,
            55.7702276
          ],
          [
            37.6210774,
            55.7696513
          ],
          [
            37.621084,
            55.7691913
          ],
          [
            37.6210874,
            55.7689625
          ],
          [
            37.6210949,
            55.7682458
          ],
          [
            37.6211005,
            55.7677132
          ]
        ]
      }
    },
    {
      "type": "Feature",
      "id": "way/10616260",
      "properties": {
        "osm_way_id": 10616260,
        "highway_type": "secondary",
        "name": "Цветной бульвар",
        "oneway": "yes",
        "maxspeed": "RU:urban",
        "surface": "asphalt"
      },
      "geometry": {
        "type": "LineString",
        "coordinates": [
          [
            37.6220954,
            55.7672253
          ],
          [
            37.6221338,
            55.7672643
          ],
          [
            37.6221632,
            55.7672999
          ]
        ]
      }
    },
    {
      "type": "Feature",
      "id": "way/10616290",
      "properties": {
        "osm_way_id": 10616290,
        "highway_type": "unclassified",
        "name": null,
        "oneway": "yes",
        "maxspeed": "50",
        "surface": "asphalt"
      },
      "geometry": {
        "type": "LineString",
        "coordinates": [
          [
            37.621652,
            55.773199
          ],
          [
            37.6216218,
            55.7732605
          ],
          [
            37.6215776,
            55.7733229
          ],
          [
            37.62152,
            55.7733602
          ],
          [
            37.6214616,
            55.7733824
          ],
          [
            37.621406,
            55.7733934
          ],
          [
            37.6213439,
            55.773396
          ],
          [
            37.6212933,
            55.773393
          ],
          [
            37.6212474,
            55.7733845
          ],
          [
            37.6211887,
            55.7733655
          ],
          [
            37.6211377,
            55.7733376
          ],
          [
            37.6210955,
            55.773301
          ],
          [
            37.6210559,
            55.7732398
          ],
          [
            37.6210308,
            55.7731824
          ]
        ]
      }
    },
    {
      "type": "Feature",
      "id": "way/10616494",
      "properties": {
        "osm_way_id": 10616494,
        "highway_type": "secondary_link",
        "name": null,
        "oneway": "yes",
        "maxspeed": "50",
        "surface": "paving_stones"
      },
      "geometry": {
        "type": "LineString",
        "coordinates": [
          [
            37.6233282,
            55.7670449
          ],
          [
            37.6232828,
            55.767064
          ],
          [
            37.6232184,
            55.7670838
          ],
          [
            37.6231517,
            55.7670983
          ],
          [
            37.6231031,
            55.7671112
          ],
          [
            37.6230285,
            55.7671368
          ],
          [
            37.6230136,
            55.7671443
          ],
          [
            37.6229978,
            55.767154
          ],
          [
            37.6229878,
            55.7671641
          ],
          [
            37.6229816,
            55.7671761
          ]
        ]
      }
    },
    {
      "type": "Feature",
      "id": "way/10616891",
      "properties": {
        "osm_way_id": 10616891,
        "highway_type": "unclassified",
        "name": "Малый Сергиевский переулок",
        "oneway": "no",
        "maxspeed": "30",
        "surface": "asphalt"
      },
      "geometry": {
        "type": "LineString",
        "coordinates": [
          [
            37.6224693,
            55.7692866
          ],
          [
            37.622678,
            55.7692257
          ],
          [
            37.6227401,
            55.7692076
          ],
          [
            37.6229889,
            55.769135
          ],
          [
            37.6232873,
            55.7690478
          ],
          [
            37.6238512,
            55.7688694
          ],
          [
            37.6239171,
            55.7688493
          ],
          [
            37.6243174,
            55.7687272
          ],
          [
            37.6243661,
            55.7687124
          ],
          [
            37.6244633,
            55.7686826
          ]
        ]
      }
    },
    {
      "type": "Feature",
      "id": "way/10616921",
      "properties": {
        "osm_way_id": 10616921,
        "highway_type": "residential",
        "name": "Цветной переулок",
        "oneway": null,
        "maxspeed": "30",
        "surface": "asphalt"
      },
      "geometry": {
        "type": "LineString",
        "coordinates": [
          [
            37.6236272,
            55.7695755
          ],
          [
            37.6236201,
            55.7694564
          ],
          [
            37.6236148,
            55.7694098
          ],
          [
            37.6236046,
            55.769381
          ],
          [
            37.6235897,
            55.7693547
          ],
          [
            37.6235556,
            55.7693097
          ],
          [
            37.6233566,
            55.7691177
          ],
          [
            37.6233199,
            55.7690807
          ],
          [
            37.6232873,
            55.7690478
          ]
        ]
      }
    },
    {
      "type": "Feature",
      "id": "way/10616964",
      "properties": {
        "osm_way_id": 10616964,
        "highway_type": "unclassified",
        "name": "Малый Сухаревский переулок",
        "oneway": null,
        "maxspeed": "30",
        "surface": "asphalt"
      },
      "geometry": {
        "type": "LineString",
        "coordinates": [
          [
            37.6222722,
            55.7702833
          ],
          [
            37.6224221,
            55.7702926
          ],
          [
            37.6228914,
            55.7703286
          ],
          [
            37.6234791,
            55.7703668
          ],
          [
            37.6235545,
            55.7703718
          ],
          [
            37.6237926,
            55.7703877
          ],
          [
            37.6241213,
            55.7704096
          ],
          [
            37.6243963,
            55.7704279
          ],
          [
            37.6247925,
            55.7704543
          ]
        ]
      }
    },
    {
      "type": "Feature",
      "id": "way/10618140",
      "properties": {
        "osm_way_id": 10618140,
        "highway_type": "secondary",
        "name": "Трубная площадь",
        "oneway": "yes",
        "maxspeed": "RU:urban",
        "surface": "asphalt"
      },
      "geometry": {
        "type": "LineString",
        "coordinates": [
          [
            37.6218199,
            55.7669292
          ],
          [
            37.6219785,
            55.7671063
          ],
          [
            37.6220259,
            55.7671546
          ],
          [
            37.6220954,
            55.7672253
          ]
        ]
      }
    },
    {
      "type": "Feature",
      "id": "way/10618415",
      "properties": {
        "osm_way_id": 10618415,
        "highway_type": "secondary",
        "name": "Рождественский бульвар",
        "oneway": "yes",
        "maxspeed": "50",
        "surface": "asphalt"
      },
      "geometry": {
        "type": "LineString",
        "coordinates": [
          [
            37.630097,
            55.7663913
          ],
          [
            37.6301836,
            55.7663917
          ],
          [
            37.6307457,
            55.7663913
          ],
          [
            37.6311301,
            55.7663914
          ],
          [
            37.6312356,
            55.7663876
          ],
          [
            37.6313494,
            55.7663795
          ]
        ]
      }
    },
    {
      "type": "Feature",
      "id": "way/10618432",
      "properties": {
        "osm_way_id": 10618432,
        "highway_type": "secondary",
        "name": "Сретенский бульвар",
        "oneway": "yes",
        "maxspeed": "50",
        "surface": "asphalt"
      },
      "geometry": {
        "type": "LineString",
        "coordinates": [
          [
            37.6313494,
            55.7663795
          ],
          [
            37.6315457,
            55.766365
          ],
          [
            37.6318441,
            55.766349
          ],
          [
            37.6323673,
            55.7663225
          ],
          [
            37.6325598,
            55.7663134
          ],
          [
            37.6329838,
            55.7662978
          ],
          [
            37.6335346,
            55.7662789
          ],
          [
            37.6336979,
            55.7662677
          ],
          [
            37.6337926,
            55.7662567
          ],
          [
            37.6339122,
            55.7662429
          ],
          [
            37.6344369,
            55.7661826
          ],
          [
            37.634555,
            55.7661654
          ],
          [
            37.6348444,
            55.7661243
          ],
          [
            37.6350818,
            55.766091
          ],
          [
            37.6352955,
            55.7660406
          ],
          [
            37.6355644,
            55.76595
          ],
          [
            37.6358701,
            55.7658371
          ],
          [
            37.6361797,
            55.7657316
          ]
        ]
      }
    },
    {
      "type": "Feature",
      "id": "way/10618794",
      "properties": {
        "osm_way_id": 10618794,
        "highway_type": "unclassified",
        "name": "площадь Сретенские Ворота",
        "oneway": "yes",
        "maxspeed": null,
        "surface": "paving_stones"
      },
      "geometry": {
        "type": "LineString",
        "coordinates": [
          [
            37.630097,
            55.7663913
          ],
          [
            37.6300867,
            55.7665657
          ],
          [
            37.6300781,
            55.7667113
          ]
        ]
      }
    },
    {
      "type": "Feature",
      "id": "way/10618939",
      "properties": {
        "osm_way_id": 10618939,
        "highway_type": "secondary",
        "name": "улица Сретенка",
        "oneway": "yes",
        "maxspeed": "50",
        "surface": "asphalt"
      },
      "geometry": {
        "type": "LineString",
        "coordinates": [
          [
            37.6315077,
            55.7668721
          ],
          [
            37.6314995,
            55.7669121
          ],
          [
            37.6315072,
            55.7670142
          ],
          [
            37.6316077,
            55.7673982
          ],
          [
            37.6316401,
            55.7675149
          ]
        ]
      }
    },
    {
      "type": "Feature",
      "id": "way/10618943",
      "properties": {
        "osm_way_id": 10618943,
        "highway_type": "secondary",
        "name": "площадь Сретенские Ворота",
        "oneway": "yes",
        "maxspeed": "50",
        "surface": "asphalt"
      },
      "geometry": {
        "type": "LineString",
        "coordinates": [
          [
            37.6313494,
            55.7663795
          ],
          [
            37.6314266,
            55.7664605
          ],
          [
            37.6314796,
            55.7665279
          ],
          [
            37.6315454,
            55.7667423
          ],
          [
            37.6315077,
            55.7668721
          ]
        ]
      }
    },
    {
      "type": "Feature",
      "id": "way/10618947",
      "properties": {
        "osm_way_id": 10618947,
        "highway_type": "secondary",
        "name": "Рождественский бульвар",
        "oneway": "yes",
        "maxspeed": "50",
        "surface": "asphalt"
      },
      "geometry": {
        "type": "LineString",
        "coordinates": [
          [
            37.6315077,
            55.7668721
          ],
          [
            37.6313689,
            55.7668445
          ],
          [
            37.6312956,
            55.766835
          ],
          [
            37.6308864,
            55.7667852
          ],
          [
            37.6302593,
            55.7667242
          ],
          [
            37.6301633,
            55.7667165
          ],
          [
            37.6300781,
            55.7667113
          ]
        ]
      }
    },
    {
      "type": "Feature",
      "id": "way/10619163",
      "properties": {
        "osm_way_id": 10619163,
        "highway_type": "secondary",
        "name": "Лубянская площадь",
        "oneway": "yes",
        "maxspeed": "RU:urban",
        "surface": "asphalt"
      },
      "geometry": {
        "type": "LineString",
        "coordinates": [
          [
            37.6252556,
            55.7596466
          ],
          [
            37.6257096,
            55.7597089
          ],
          [
            37.6258162,
            55.7597281
          ],
          [
            37.6259455,
            55.7597611
          ]
        ]
      }
    },
    {
      "type": "Feature",
      "id": "way/10619279",
      "properties": {
        "osm_way_id": 10619279,
        "highway_type": "service",
        "name": null,
        "oneway": null,
        "maxspeed": null,
        "surface": "asphalt"
      },
      "geometry": {
        "type": "LineString",
        "coordinates": [
          [
            37.626559,
            55.7604948
          ],
          [
            37.6266459,
            55.760586
          ],
          [
            37.6266935,
            55.7606427
          ],
          [
            37.6273383,
            55.7614119
          ],
          [
            37.6273594,
            55.7614374
          ],
          [
            37.6276191,
            55.7615376
          ]
        ]
      }
    },
    {
      "type": "Feature",
      "id": "way/10619296",
      "properties": {
        "osm_way_id": 10619296,
        "highway_type": "secondary",
        "name": "улица Большая Лубянка",
        "oneway": "yes",
        "maxspeed": "50",
        "surface": "asphalt"
      },
      "geometry": {
        "type": "LineString",
        "coordinates": [
          [
            37.628027,
            55.7620559
          ],
          [
            37.6280664,
            55.7621166
          ],
          [
            37.6281021,
            55.7621716
          ],
          [
            37.6283481,
            55.7625716
          ],
          [
            37.6283761,
            55.7626175
          ],
          [
            37.6284884,
            55.7628029
          ]
        ]
      }
    },
    {
      "type": "Feature",
      "id": "way/10619719",
      "properties": {
        "osm_way_id": 10619719,
        "highway_type": "residential",
        "name": "Большой Сухаревский переулок",
        "oneway": null,
        "maxspeed": "30",
        "surface": "asphalt"
      },
      "geometry": {
        "type": "LineString",
        "coordinates": [
          [
            37.6307761,
            55.7707382
          ],
          [
            37.6306814,
            55.7707353
          ],
          [
            37.6303665,
            55.7707195
          ],
          [
            37.6295625,
            55.7706845
          ],
          [
            37.6293735,
            55.7706761
          ],
          [
            37.6291957,
            55.7706682
          ],
          [
            37.6291523,
            55.7706663
          ],
          [
            37.628829,
            55.770652
          ],
          [
            37.6286348,
            55.7706434
          ],
          [
            37.6285758,
            55.7706408
          ],
          [
            37.6280412,
            55.7706154
          ],
          [
            37.627619,
            55.7705953
          ],
          [
            37.6275779,
            55.7705933
          ],
          [
            37.6267259,
            55.7705528
          ],
          [
            37.6266769,
            55.7705504
          ],
          [
            37.6263764,
            55.7705361
          ],
          [
            37.6258334,
            55.7705103
          ],
          [
            37.6257798,
            55.7705077
          ],
          [
            37.6255754,
            55.770498
          ],
          [
            37.6255172,
            55.7704952
          ],
          [
            37.6254184,
            55.7704905
          ]
        ]
      }
    },
    {
      "type": "Feature",
      "id": "way/10619815",
      "properties": {
        "osm_way_id": 10619815,
        "highway_type": "unclassified",
        "name": "Последний переулок",
        "oneway": "yes",
        "maxspeed": "30",
        "surface": "asphalt"
      },
      "geometry": {
        "type": "LineString",
        "coordinates": [
          [
            37.6309502,
            55.769926
          ],
          [
            37.6308371,
            55.7699258
          ],
          [
            37.6308166,
            55.7699256
          ],
          [
            37.6306536,
            55.7699243
          ],
          [
            37.6302799,
            55.7699214
          ],
          [
            37.6299642,
            55.7699192
          ],
          [
            37.6299123,
            55.7699188
          ],
          [
            37.6294764,
            55.7699094
          ],
          [
            37.6289196,
            55.7698959
          ],
          [
            37.6287036,
            55.7698882
          ],
          [
            37.6281451,
            55.7698704
          ],
          [
            37.6280099,
            55.769866
          ],
          [
            37.6278769,
            55.7698615
          ],
          [
            37.6278725,
            55.7698614
          ],
          [
            37.6273509,
            55.7698453
          ],
          [
            37.6268917,
            55.7698309
          ],
          [
            37.6265578,
            55.7698205
          ],
          [
            37.6263202,
            55.7698131
          ],
          [
            37.6262928,
            55.7698122
          ],
          [
            37.6258877,
            55.7697998
          ],
          [
            37.6256294,
            55.7697919
          ],
          [
            37.6254076,
            55.7697851
          ],
          [
            37.6253401,
            55.769783
          ],
          [
            37.6252572,
            55.7697807
          ]
        ]
      }
    },
    {
      "type": "Feature",
      "id": "way/10619843",
      "properties": {
        "osm_way_id": 10619843,
        "highway_type": "residential",
        "name": "Большой Головин переулок",
        "oneway": "yes",
        "maxspeed": "30",
        "surface": "asphalt"
      },
      "geometry": {
        "type": "LineString",
        "coordinates": [
          [
            37.6251495,
            55.7693984
          ],
          [
            37.6252278,
            55.7693891
          ],
          [
            37.6254369,
            55.7693647
          ],
          [
            37.6255102,
            55.7693582
          ],
          [
            37.6257877,
            55.7693403
          ],
          [
            37.6257984,
            55.7693396
          ],
          [
            37.6260029,
            55.7693325
          ],
          [
            37.6260542,
            55.7693321
          ],
          [
            37.6262479,
            55.7693306
          ],
          [
            37.6263782,
            55.769333
          ],
          [
            37.6268971,
            55.7693475
          ],
          [
            37.6274777,
            55.7693638
          ],
          [
            37.6276596,
            55.7693683
          ],
          [
            37.6280457,
            55.7693784
          ],
          [
            37.6282031,
            55.7693828
          ],
          [
            37.6283356,
            55.7693864
          ],
          [
            37.6293648,
            55.7694148
          ],
          [
            37.6296221,
            55.7694219
          ],
          [
            37.6299987,
            55.7694329
          ],
          [
            37.6302258,
            55.7694374
          ],
          [
            37.6304762,
            55.7694415
          ],
          [
            37.6311357,
            55.7694468
          ]
        ]
      }
    },
    {
      "type": "Feature",
      "id": "way/10619874",
      "properties": {
        "osm_way_id": 10619874,
        "highway_type": "residential",
        "name": "Пушкарёв переулок",
        "oneway": "yes",
        "maxspeed": "30",
        "surface": "asphalt"
      },
      "geometry": {
        "type": "LineString",
        "coordinates": [
          [
            37.6298522,
            55.7689395
          ],
          [
            37.6293772,
            55.768922
          ],
          [
            37.6289045,
            55.7689046
          ],
          [
            37.6281318,
            55.7688755
          ],
          [
            37.6269596,
            55.7688297
          ],
          [
            37.6265639,
            55.7688158
          ],
          [
            37.6264861,
            55.7688165
          ],
          [
            37.6263984,
            55.7688236
          ],
          [
            37.6262105,
            55.7688511
          ],
          [
            37.6261339,
            55.7688624
          ],
          [
            37.6261123,
            55.7688659
          ],
          [
            37.6255964,
            55.7689496
          ]
        ]
      }
    },
    {
      "type": "Feature",
      "id": "way/10619928",
      "properties": {
        "osm_way_id": 10619928,
        "highway_type": "residential",
        "name": "Большой Сергиевский переулок",
        "oneway": "yes",
        "maxspeed": "30",
        "surface": "asphalt"
      },
      "geometry": {
        "type": "LineString",
        "coordinates": [
          [
            37.6254065,
            55.7683967
          ],
          [
            37.6255422,
            55.7683642
          ],
          [
            37.6255987,
            55.7683526
          ],
          [
            37.6257339,
            55.7683326
          ],
          [
            37.6259337,
            55.7683172
          ],
          [
            37.6260892,
            55.7683141
          ],
          [
            37.6262292,
            55.7683137
          ],
          [
            37.6264886,
            55.7683243
          ],
          [
            37.6267302,
            55.7683371
          ],
          [
            37.6272522,
            55.7683658
          ]
        ]
      }
    },
    {
      "type": "Feature",
      "id": "way/10620023",
      "properties": {
        "osm_way_id": 10620023,
        "highway_type": "unclassified",
        "name": "Колокольников переулок",
        "oneway": "yes",
        "maxspeed": "30",
        "surface": "asphalt"
      },
      "geometry": {
        "type": "LineString",
        "coordinates": [
          [
            37.6290779,
            55.7680079
          ],
          [
            37.6287887,
            55.7679913
          ],
          [
            37.6285674,
            55.7679785
          ],
          [
            37.6283671,
            55.767967
          ],
          [
            37.6279182,
            55.7679409
          ],
          [
            37.6276132,
            55.7679232
          ],
          [
            37.6268368,
            55.7678782
          ],
          [
            37.6266007,
            55.7678662
          ],
          [
            37.6263042,
            55.7678571
          ],
          [
            37.6261815,
            55.7678558
          ],
          [
            37.6259542,
            55.7678534
          ],
          [
            37.625726,
            55.7678579
          ],
          [
            37.625511,
            55.7678621
          ],
          [
            37.6254159,
            55.7678654
          ],
          [
            37.6253912,
            55.767867
          ],
          [
            37.6253238,
            55.7678714
          ],
          [
            37.624647,
            55.7679392
          ],
          [
            37.6245489,
            55.7679499
          ],
          [
            37.6242807,
            55.7679802
          ],
          [
            37.6241948,
            55.7679899
          ],
          [
            37.6241034,
            55.7680012
          ]
        ]
      }
    },
    {
      "type": "Feature",
      "id": "way/10620078",
      "properties": {
        "osm_way_id": 10620078,
        "highway_type": "residential",
        "name": "Печатников переулок",
        "oneway": "yes",
        "maxspeed": "30",
        "surface": "asphalt"
      },
      "geometry": {
        "type": "LineString",
        "coordinates": [
          [
            37.6238649,
            55.7675411
          ],
          [
            37.623942,
            55.7675287
          ],
          [
            37.6241947,
            55.7674904
          ],
          [
            37.6247298,
            55.7674093
          ],
          [
            37.6247802,
            55.7674031
          ],
          [
            37.6249391,
            55.7673857
          ],
          [
            37.6251319,
            55.7673758
          ],
          [
            37.6254112,
            55.7673721
          ],
          [
            37.6256443,
            55.7673708
          ],
          [
            37.6256842,
            55.767371
          ],
          [
            37.6259228,
            55.7673716
          ],
          [
            37.6264257,
            55.7673729
          ],
          [
            37.6265358,
            55.7673748
          ],
          [
            37.6266731,
            55.7673804
          ],
          [
            37.6276912,
            55.76744
          ],
          [
            37.6277553,
            55.7674437
          ],
          [
            37.6284757,
            55.767482
          ],
          [
            37.629328,
            55.767527
          ],
          [
            37.6296184,
            55.7675422
          ],
          [
            37.6296484,
            55.7675438
          ],
          [
            37.6298301,
            55.7675506
          ],
          [
            37.630377,
            55.7675555
          ],
          [
            37.6308319,
            55.7675574
          ],
          [
            37.6313227,
            55.7675487
          ],
          [
            37.6315224,
            55.7675374
          ],
          [
            37.6315813,
            55.7675278
          ],
          [
            37.6316401,
            55.7675149
          ]
        ]
      }
    },
    {
      "type": "Feature",
      "id": "way/10630565",
      "properties": {
        "osm_way_id": 10630565,
        "highway_type": "residential",
        "name": "Выползов переулок",
        "oneway": null,
        "maxspeed": null,
        "surface": "asphalt"
      },
      "geometry": {
        "type": "LineString",
        "coordinates": [
          [
            37.62762,
            55.7784981
          ],
          [
            37.6276378,
            55.7785725
          ],
          [
            37.6276631,
            55.7787016
          ]
        ]
      }
    },
    {
      "type": "Feature",
      "id": "way/10634664",
      "properties": {
        "osm_way_id": 10634664,
        "highway_type": "tertiary",
        "name": "Селезнёвская улица",
        "oneway": null,
        "maxspeed": "30",
        "surface": "asphalt"
      },
      "geometry": {
        "type": "LineString",
        "coordinates": [
          [
            37.6025772,
            55.7795627
          ],
          [
            37.6027533,
            55.7796002
          ],
          [
            37.6033443,
            55.7797871
          ]
        ]
      }
    },
    {
      "type": "Feature",
      "id": "way/10634743",
      "properties": {
        "osm_way_id": 10634743,
        "highway_type": "tertiary",
        "name": "3-й Самотёчный переулок",
        "oneway": null,
        "maxspeed": "30",
        "surface": "asphalt"
      },
      "geometry": {
        "type": "LineString",
        "coordinates": [
          [
            37.6123389,
            55.7797604
          ],
          [
            37.6124838,
            55.7797044
          ],
          [
            37.6127133,
            55.7796158
          ],
          [
            37.6128907,
            55.7795238
          ],
          [
            37.6130677,
            55.7794285
          ],
          [
            37.6132755,
            55.7793126
          ],
          [
            37.613347,
            55.7792786
          ],
          [
            37.6134613,
            55.7792242
          ],
          [
            37.6136149,
            55.7791779
          ],
          [
            37.6137286,
            55.7791436
          ]
        ]
      }
    },
    {
      "type": "Feature",
      "id": "way/10634819",
      "properties": {
        "osm_way_id": 10634819,
        "highway_type": "unclassified",
        "name": null,
        "oneway": "yes",
        "maxspeed": null,
        "surface": "asphalt"
      },
      "geometry": {
        "type": "LineString",
        "coordinates": [
          [
            37.6174766,
            55.77846
          ],
          [
            37.6174853,
            55.7784484
          ],
          [
            37.6177885,
            55.7780436
          ]
        ]
      }
    },
    {
      "type": "Feature",
      "id": "way/10634841",
      "properties": {
        "osm_way_id": 10634841,
        "highway_type": "residential",
        "name": "2-й Щемиловский переулок",
        "oneway": "yes",
        "maxspeed": "RU:urban",
        "surface": "asphalt"
      },
      "geometry": {
        "type": "LineString",
        "coordinates": [
          [
            37.6099306,
            55.7798419
          ],
          [
            37.6101156,
            55.7801119
          ],
          [
            37.6101266,
            55.7801308
          ],
          [
            37.6101461,
            55.7801613
          ],
          [
            37.6101619,
            55.7801878
          ]
        ]
      }
    },
    {
      "type": "Feature",
      "id": "way/10634902",
      "properties": {
        "osm_way_id": 10634902,
        "highway_type": "residential",
        "name": null,
        "oneway": null,
        "maxspeed": "RU:urban",
        "surface": "asphalt"
      },
      "geometry": {
        "type": "LineString",
        "coordinates": [
          [
            37.6108992,
            55.777761
          ],
          [
            37.610675,
            55.7778079
          ],
          [
            37.6104936,
            55.7778458
          ],
          [
            37.610273,
            55.7778918
          ],
          [
            37.6102363,
            55.7778996
          ],
          [
            37.6101701,
            55.7779139
          ],
          [
            37.6101017,
            55.7779287
          ]
        ]
      }
    },
    {
      "type": "Feature",
      "id": "way/10635061",
      "properties": {
        "osm_way_id": 10635061,
        "highway_type": "residential",
        "name": "4-й Самотёчный переулок",
        "oneway": "yes",
        "maxspeed": "30",
        "surface": "asphalt"
      },
      "geometry": {
        "type": "LineString",
        "coordinates": [
          [
            37.6132644,
            55.7789426
          ],
          [
            37.6133139,
            55.7790349
          ],
          [
            37.6133642,
            55.7791201
          ]
        ]
      }
    },
    {
      "type": "Feature",
      "id": "way/10635135",
      "properties": {
        "osm_way_id": 10635135,
        "highway_type": "tertiary",
        "name": "Делегатская улица",
        "oneway": "yes",
        "maxspeed": null,
        "surface": "asphalt"
      },
      "geometry": {
        "type": "LineString",
        "coordinates": [
          [
            37.6179188,
            55.7781343
          ],
          [
            37.6180732,
            55.7782462
          ],
          [
            37.6182143,
            55.778342
          ],
          [
            37.6185541,
            55.7785725
          ]
        ]
      }
    },
    {
      "type": "Feature",
      "id": "way/10638343",
      "properties": {
        "osm_way_id": 10638343,
        "highway_type": "secondary",
        "name": "Садовая-Сухаревская улица",
        "oneway": "yes",
        "maxspeed": "RU:urban",
        "surface": "asphalt"
      },
      "geometry": {
        "type": "LineString",
        "coordinates": [
          [
            37.621617,
            55.7735363
          ],
          [
            37.6218272,
            55.7735369
          ],
          [
            37.6225093,
            55.7735389
          ],
          [
            37.6228128,
            55.7735365
          ],
          [
            37.6228872,
            55.7735347
          ],
          [
            37.6237828,
            55.7735179
          ],
          [
            37.624318,
            55.7734978
          ],
          [
            37.6246111,
            55.7734842
          ],
          [
            37.6250786,
            55.773457
          ],
          [
            37.6258555,
            55.7734014
          ],
          [
            37.6271232,
            55.7733516
          ],
          [
            37.6274632,
            55.7733237
          ],
          [
            37.6281971,
            55.7732593
          ]
        ]
      }
    },
    {
      "type": "Feature",
      "id": "way/10638393",
      "properties": {
        "osm_way_id": 10638393,
        "highway_type": "secondary",
        "name": "Рождественский бульвар",
        "oneway": "yes",
        "maxspeed": "50",
        "surface": "asphalt"
      },
      "geometry": {
        "type": "LineString",
        "coordinates": [
          [
            37.623024,
            55.7666996
          ],
          [
            37.6234863,
            55.7666136
          ]
        ]
      }
    },
    {
      "type": "Feature",
      "id": "way/10638414",
      "properties": {
        "osm_way_id": 10638414,
        "highway_type": "secondary",
        "name": "Трубная площадь",
        "oneway": "yes",
        "maxspeed": "50",
        "surface": "asphalt"
      },
      "geometry": {
        "type": "LineString",
        "coordinates": [
          [
            37.6211569,
            55.7671613
          ],
          [
            37.6211826,
            55.7671167
          ],
          [
            37.6212135,
            55.7670862
          ],
          [
            37.6212439,
            55.7670627
          ],
          [
            37.6213208,
            55.7670169
          ]
        ]
      }
    },
    {
      "type": "Feature",
      "id": "way/10655172",
      "properties": {
        "osm_way_id": 10655172,
        "highway_type": "tertiary",
        "name": "Нововоротниковский переулок",
        "oneway": "yes",
        "maxspeed": "RU:urban",
        "surface": "asphalt"
      },
      "geometry": {
        "type": "LineString",
        "coordinates": [
          [
            37.6033975,
            55.7791032
          ],
          [
            37.6034925,
            55.7790425
          ],
          [
            37.6035532,
            55.7790043
          ],
          [
            37.6036228,
            55.7789605
          ],
          [
            37.6038703,
            55.7788063
          ],
          [
            37.6038844,
            55.7787999
          ],
          [
            37.6039062,
            55.7787933
          ],
          [
            37.6039346,
            55.7787925
          ]
        ]
      }
    },
    {
      "type": "Feature",
      "id": "way/10695910",
      "properties": {
        "osm_way_id": 10695910,
        "highway_type": "primary",
        "name": "Гончарный проезд",
        "oneway": null,
        "maxspeed": "RU:urban",
        "surface": "asphalt"
      },
      "geometry": {
        "type": "LineString",
        "coordinates": [
          [
            37.6516105,
            55.7404205
          ],
          [
            37.6515618,
            55.7403934
          ],
          [
            37.6515281,
            55.7403708
          ],
          [
            37.6514477,
            55.7403147
          ],
          [
            37.6509625,
            55.7399702
          ]
        ]
      }
    },
    {
      "type": "Feature",
      "id": "way/10781548",
      "properties": {
        "osm_way_id": 10781548,
        "highway_type": "secondary",
        "name": "Яузская улица",
        "oneway": null,
        "maxspeed": "50",
        "surface": "asphalt"
      },
      "geometry": {
        "type": "LineString",
        "coordinates": [
          [
            37.6484436,
            55.7457534
          ],
          [
            37.6483682,
            55.7458653
          ]
        ]
      }
    },
    {
      "type": "Feature",
      "id": "way/10781550",
      "properties": {
        "osm_way_id": 10781550,
        "highway_type": "secondary",
        "name": "Яузская улица",
        "oneway": "yes",
        "maxspeed": "50",
        "surface": "asphalt"
      },
      "geometry": {
        "type": "LineString",
        "coordinates": [
          [
            37.6436683,
            55.7498299
          ],
          [
            37.6439248,
            55.7497002
          ],
          [
            37.6441701,
            55.749556
          ],
          [
            37.6444084,
            55.7493904
          ],
          [
            37.6445866,
            55.7492372
          ],
          [
            37.6446328,
            55.7491975
          ],
          [
            37.6447888,
            55.7490341
          ]
        ]
      }
    },
    {
      "type": "Feature",
      "id": "way/10781553",
      "properties": {
        "osm_way_id": 10781553,
        "highway_type": "unclassified",
        "name": "улица Забелина",
        "oneway": "yes",
        "maxspeed": "30",
        "surface": "paving_stones"
      },
      "geometry": {
        "type": "LineString",
        "coordinates": [
          [
            37.6369656,
            55.7542043
          ],
          [
            37.63713,
            55.7542452
          ],
          [
            37.6377656,
            55.7544923
          ],
          [
            37.6382016,
            55.7546608
          ],
          [
            37.6386174,
            55.7548275
          ],
          [
            37.6386443,
            55.7548369
          ],
          [
            37.6387908,
            55.7548951
          ],
          [
            37.638898,
            55.7549307
          ],
          [
            37.6390496,
            55.7549709
          ],
          [
            37.6392669,
            55.7550182
          ],
          [
            37.6398096,
            55.75514
          ],
          [
            37.6398872,
            55.7551585
          ],
          [
            37.6399303,
            55.7551728
          ],
          [
            37.6399802,
            55.7551962
          ]
        ]
      }
    },
    {
      "type": "Feature",
      "id": "way/10857188",
      "properties": {
        "osm_way_id": 10857188,
        "highway_type": "secondary",
        "name": "Петровский бульвар",
        "oneway": "yes",
        "maxspeed": "50",
        "surface": "asphalt"
      },
      "geometry": {
        "type": "LineString",
        "coordinates": [
          [
            37.621111,
            55.7673747
          ],
          [
            37.6209119,
            55.7674072
          ],
          [
            37.6208576,
            55.7674143
          ],
          [
            37.6202136,
            55.7675064
          ],
          [
            37.6199538,
            55.7675442
          ],
          [
            37.6196608,
            55.7675878
          ],
          [
            37.6189392,
            55.767696
          ],
          [
            37.6177275,
            55.7678777
          ],
          [
            37.6173338,
            55.7679364
          ],
          [
            37.6171183,
            55.7679682
          ],
          [
            37.6170215,
            55.7679834
          ],
          [
            37.6160191,
            55.7681306
          ],
          [
            37.6158771,
            55.7681473
          ],
          [
            37.6152965,
            55.7682111
          ],
          [
            37.6151025,
            55.7682265
          ],
          [
            37.6147526,
            55.7682521
          ]
        ]
      }
    },
    {
      "type": "Feature",
      "id": "way/10857599",
      "properties": {
        "osm_way_id": 10857599,
        "highway_type": "secondary",
        "name": "Петровский бульвар",
        "oneway": "yes",
        "maxspeed": "50",
        "surface": "asphalt"
      },
      "geometry": {
        "type": "LineString",
        "coordinates": [
          [
            37.6136062,
            55.7680044
          ],
          [
            37.613712,
            55.7680165
          ],
          [
            37.6137984,
            55.7680218
          ],
          [
            37.6138978,
            55.768024
          ],
          [
            37.6139802,
            55.7680208
          ],
          [
            37.614752,
            55.7679612
          ],
          [
            37.6149402,
            55.7679447
          ],
          [
            37.6155215,
            55.7678911
          ],
          [
            37.6157349,
            55.7678678
          ],
          [
            37.6159595,
            55.7678399
          ],
          [
            37.616176,
            55.7678077
          ],
          [
            37.616594,
            55.7677457
          ]
        ]
      }
    },
    {
      "type": "Feature",
      "id": "way/10857972",
      "properties": {
        "osm_way_id": 10857972,
        "highway_type": "secondary",
        "name": "улица Каретный Ряд",
        "oneway": null,
        "maxspeed": "50",
        "surface": "asphalt"
      },
      "geometry": {
        "type": "LineString",
        "coordinates": [
          [
            37.611697,
            55.7702186
          ],
          [
            37.6113984,
            55.7705368
          ]
        ]
      }
    },
    {
      "type": "Feature",
      "id": "way/10858120",
      "properties": {
        "osm_way_id": 10858120,
        "highway_type": "residential",
        "name": "Малый Каретный переулок",
        "oneway": "yes",
        "maxspeed": "30",
        "surface": "asphalt"
      },
      "geometry": {
        "type": "LineString",
        "coordinates": [
          [
            37.6163238,
            55.7713441
          ],
          [
            37.6162156,
            55.7713328
          ],
          [
            37.615886,
            55.7712984
          ],
          [
            37.6154722,
            55.771257
          ],
          [
            37.6153515,
            55.7712457
          ],
          [
            37.6152368,
            55.7712411
          ],
          [
            37.6149803,
            55.7712392
          ],
          [
            37.6145931,
            55.7712343
          ],
          [
            37.6144437,
            55.771233
          ],
          [
            37.6143109,
            55.7712319
          ],
          [
            37.6142305,
            55.7712313
          ],
          [
            37.6135524,
            55.7712258
          ],
          [
            37.6134941,
            55.7712253
          ],
          [
            37.613324,
            55.7712239
          ],
          [
            37.6131709,
            55.7712226
          ],
          [
            37.6130667,
            55.7712218
          ],
          [
            37.6128996,
            55.7712204
          ],
          [
            37.6124848,
            55.7712184
          ],
          [
            37.6123836,
            55.7712176
          ]
        ]
      }
    },
    {
      "type": "Feature",
      "id": "way/10858250",
      "properties": {
        "osm_way_id": 10858250,
        "highway_type": "residential",
        "name": "Лихов переулок",
        "oneway": null,
        "maxspeed": "30",
        "surface": "asphalt"
      },
      "geometry": {
        "type": "LineString",
        "coordinates": [
          [
            37.6123836,
            55.7712176
          ],
          [
            37.6123837,
            55.7713121
          ],
          [
            37.612384,
            55.7715304
          ],
          [
            37.6123844,
            55.7717842
          ],
          [
            37.612383,
            55.7719817
          ],
          [
            37.6123841,
            55.7720575
          ],
          [
            37.6123863,
            55.7722988
          ],
          [
            37.6123917,
            55.7725571
          ],
          [
            37.6123959,
            55.7727913
          ],
          [
            37.612403,
            55.7731295
          ],
          [
            37.6124023,
            55.7731646
          ],
          [
            37.612399,
            55.7732087
          ]
        ]
      }
    },
    {
      "type": "Feature",
      "id": "way/10858774",
      "properties": {
        "osm_way_id": 10858774,
        "highway_type": "residential",
        "name": "Средний Каретный переулок",
        "oneway": "yes",
        "maxspeed": "30",
        "surface": "asphalt"
      },
      "geometry": {
        "type": "LineString",
        "coordinates": [
          [
            37.6130368,
            55.7705961
          ],
          [
            37.6131833,
            55.7706094
          ],
          [
            37.613513,
            55.7706394
          ],
          [
            37.6138408,
            55.7706692
          ],
          [
            37.6139085,
            55.7706754
          ],
          [
            37.6147219,
            55.7707493
          ],
          [
            37.6147579,
            55.7707509
          ],
          [
            37.6148965,
            55.7707573
          ],
          [
            37.6149604,
            55.7707602
          ],
          [
            37.6152758,
            55.7707621
          ],
          [
            37.6155786,
            55.7707577
          ],
          [
            37.6161557,
            55.7707561
          ],
          [
            37.6162383,
            55.7707549
          ]
        ]
      }
    },
    {
      "type": "Feature",
      "id": "way/10920764",
      "properties": {
        "osm_way_id": 10920764,
        "highway_type": "primary",
        "name": "Малая Сухаревская площадь",
        "oneway": "yes",
        "maxspeed": "RU:urban",
        "surface": "asphalt"
      },
      "geometry": {
        "type": "LineString",
        "coordinates": [
          [
            37.6281971,
            55.7732593
          ],
          [
            37.6290214,
            55.7731446
          ],
          [
            37.629172,
            55.7731234
          ],
          [
            37.6302411,
            55.772973
          ],
          [
            37.6305728,
            55.7729258
          ],
          [
            37.631233,
            55.7728328
          ],
          [
            37.6318797,
            55.7727437
          ],
          [
            37.6320382,
            55.7727219
          ],
          [
            37.6322895,
            55.7726884
          ]
        ]
      }
    },
    {
      "type": "Feature",
      "id": "way/11290178",
      "properties": {
        "osm_way_id": 11290178,
        "highway_type": "residential",
        "name": "Ботанический переулок",
        "oneway": "yes",
        "maxspeed": null,
        "surface": "asphalt"
      },
      "geometry": {
        "type": "LineString",
        "coordinates": [
          [
            37.6393983,
            55.7798971
          ],
          [
            37.6393925,
            55.7798808
          ],
          [
            37.63938,
            55.7798456
          ],
          [
            37.6393633,
            55.7797985
          ],
          [
            37.6393384,
            55.7797656
          ],
          [
            37.6393311,
            55.7797559
          ],
          [
            37.6392625,
            55.7796983
          ],
          [
            37.6391769,
            55.7796612
          ],
          [
            37.6390935,
            55.779641
          ],
          [
            37.6390167,
            55.7796088
          ],
          [
            37.6389704,
            55.7795679
          ],
          [
            37.6389354,
            55.7795119
          ],
          [
            37.6388891,
            55.7794238
          ],
          [
            37.6387737,
            55.7792048
          ],
          [
            37.6387385,
            55.7791379
          ],
          [
            37.6385594,
            55.7788003
          ],
          [
            37.6384805,
            55.7786516
          ],
          [
            37.6384462,
            55.7785868
          ],
          [
            37.6383915,
            55.7784869
          ],
          [
            37.6382242,
            55.7781808
          ],
          [
            37.6381325,
            55.7780119
          ],
          [
            37.6381081,
            55.7779606
          ],
          [
            37.6380549,
            55.7778531
          ],
          [
            37.6379895,
            55.7777007
          ],
          [
            37.6379679,
            55.7776516
          ],
          [
            37.6379145,
            55.7774858
          ],
          [
            37.6378691,
            55.777343
          ],
          [
            37.6378169,
            55.7771877
          ],
          [
            37.6377942,
            55.7771201
          ]
        ]
      }
    },
    {
      "type": "Feature",
      "id": "way/11290230",
      "properties": {
        "osm_way_id": 11290230,
        "highway_type": "tertiary",
        "name": "Астраханский переулок",
        "oneway": null,
        "maxspeed": null,
        "surface": "asphalt"
      },
      "geometry": {
        "type": "LineString",
        "coordinates": [
          [
            37.6404246,
            55.7779716
          ],
          [
            37.6406451,
            55.7784125
          ],
          [
            37.6406794,
            55.778481
          ],
          [
            37.6409461,
            55.7790045
          ],
          [
            37.6412442,
            55.7796152
          ],
          [
            37.6412602,
            55.7796481
          ],
          [
            37.6412808,
            55.77969
          ],
          [
            37.6412894,
            55.7797075
          ]
        ]
      }
    },
    {
      "type": "Feature",
      "id": "way/11290652",
      "properties": {
        "osm_way_id": 11290652,
        "highway_type": "tertiary",
        "name": "1-й Коптельский переулок",
        "oneway": null,
        "maxspeed": null,
        "surface": "asphalt"
      },
      "geometry": {
        "type": "LineString",
        "coordinates": [
          [
            37.6393949,
            55.7771335
          ],
          [
            37.63936,
            55.7770607
          ],
          [
            37.6391586,
            55.7766716
          ],
          [
            37.6391249,
            55.7766064
          ],
          [
            37.6390716,
            55.7765034
          ],
          [
            37.6388266,
            55.7760322
          ],
          [
            37.6387463,
            55.7758703
          ],
          [
            37.6386428,
            55.7756748
          ],
          [
            37.6384525,
            55.775307
          ],
          [
            37.6383011,
            55.7750182
          ],
          [
            37.6382135,
            55.7748512
          ],
          [
            37.6381922,
            55.7748107
          ],
          [
            37.638179,
            55.7747855
          ],
          [
            37.6381709,
            55.7746537
          ],
          [
            37.6381655,
            55.7743091
          ],
          [
            37.6381664,
            55.774266
          ],
          [
            37.638165,
            55.7742514
          ],
          [
            37.6381629,
            55.774019
          ],
          [
            37.638157,
            55.7739169
          ],
          [
            37.6381493,
            55.7738244
          ],
          [
            37.638141,
            55.7737676
          ],
          [
            37.6381302,
            55.7736697
          ],
          [
            37.6381205,
            55.7736233
          ],
          [
            37.6381034,
            55.7735814
          ],
          [
            37.638044,
            55.7734672
          ],
          [
            37.6378545,
            55.7731255
          ],
          [
            37.6377307,
            55.7729147
          ],
          [
            37.6377029,
            55.7728714
          ],
          [
            37.6375965,
            55.772712
          ],
          [
            37.6373959,
            55.7723675
          ],
          [
            37.6372985,
            55.7722111
          ]
        ]
      }
    },
    {
      "type": "Feature",
      "id": "way/11290910",
      "properties": {
        "osm_way_id": 11290910,
        "highway_type": "primary",
        "name": "Садовая-Спасская улица",
        "oneway": "yes",
        "maxspeed": "RU:urban",
        "surface": "asphalt"
      },
      "geometry": {
        "type": "LineString",
        "coordinates": [
          [
            37.6476659,
            55.7690934
          ],
          [
            37.648331,
            55.7689558
          ],
          [
            37.64896,
            55.7687941
          ],
          [
            37.6491518,
            55.7687504
          ],
          [
            37.6492713,
            55.7687301
          ],
          [
            37.6493752,
            55.7687209
          ],
          [
            37.649674,
            55.7687315
          ]
        ]
      }
    },
    {
      "type": "Feature",
      "id": "way/11291560",
      "properties": {
        "osm_way_id": 11291560,
        "highway_type": "residential",
        "name": "Большой Балканский переулок",
        "oneway": null,
        "maxspeed": null,
        "surface": "asphalt"
      },
      "geometry": {
        "type": "LineString",
        "coordinates": [
          [
            37.6469027,
            55.778456
          ],
          [
            37.6468675,
            55.7784386
          ],
          [
            37.6468442,
            55.7784277
          ],
          [
            37.6468192,
            55.7784159
          ],
          [
            37.6467763,
            55.778396
          ],
          [
            37.6466994,
            55.7783709
          ],
          [
            37.6466606,
            55.7783647
          ],
          [
            37.6466059,
            55.7783596
          ],
          [
            37.646349,
            55.7783613
          ],
          [
            37.6459015,
            55.7783647
          ],
          [
            37.6457223,
            55.7783661
          ],
          [
            37.6454849,
            55.778369
          ],
          [
            37.6448641,
            55.7783759
          ],
          [
            37.6446414,
            55.7783787
          ],
          [
            37.6445367,
            55.77838
          ],
          [
            37.6432473,
            55.7783984
          ],
          [
            37.6429929,
            55.7784028
          ],
          [
            37.6429568,
            55.7784034
          ],
          [
            37.6427725,
            55.7784061
          ],
          [
            37.6424082,
            55.7784114
          ],
          [
            37.6416987,
            55.7784323
          ],
          [
            37.6411267,
            55.7784583
          ],
          [
            37.6409389,
            55.778469
          ],
          [
            37.6408188,
            55.7784746
          ],
          [
            37.6406794,
            55.778481
          ]
        ]
      }
    },
    {
      "type": "Feature",
      "id": "way/11291628",
      "properties": {
        "osm_way_id": 11291628,
        "highway_type": "tertiary",
        "name": "Большая Спасская улица",
        "oneway": null,
        "maxspeed": null,
        "surface": "asphalt"
      },
      "geometry": {
        "type": "LineString",
        "coordinates": [
          [
            37.6384433,
            55.7719572
          ],
          [
            37.6385537,
            55.7721019
          ],
          [
            37.6388892,
            55.7725605
          ],
          [
            37.638987,
            55.7726943
          ],
          [
            37.6393117,
            55.7731583
          ],
          [
            37.6396555,
            55.7736589
          ],
          [
            37.6397238,
            55.7737593
          ],
          [
            37.6398006,
            55.7738653
          ]
        ]
      }
    },
    {
      "type": "Feature",
      "id": "way/11291658",
      "properties": {
        "osm_way_id": 11291658,
        "highway_type": "tertiary",
        "name": "Глухарёв переулок",
        "oneway": "yes",
        "maxspeed": null,
        "surface": "asphalt"
      },
      "geometry": {
        "type": "LineString",
        "coordinates": [
          [
            37.6405357,
            55.7771841
          ],
          [
            37.6405508,
            55.7771092
          ],
          [
            37.6405737,
            55.777006
          ],
          [
            37.6406085,
            55.7769072
          ],
          [
            37.6406702,
            55.7767963
          ],
          [
            37.6407418,
            55.7767028
          ],
          [
            37.640785,
            55.7766635
          ],
          [
            37.6411121,
            55.7764152
          ],
          [
            37.6414139,
            55.7761701
          ],
          [
            37.641436,
            55.7761522
          ]
        ]
      }
    },
    {
      "type": "Feature",
      "id": "way/11291694",
      "properties": {
        "osm_way_id": 11291694,
        "highway_type": "residential",
        "name": "Живарёв переулок",
        "oneway": null,
        "maxspeed": null,
        "surface": "asphalt"
      },
      "geometry": {
        "type": "LineString",
        "coordinates": [
          [
            37.6463617,
            55.7770607
          ],
          [
            37.6459737,
            55.7770428
          ],
          [
            37.6455045,
            55.7770219
          ],
          [
            37.6443255,
            55.7769748
          ],
          [
            37.6440423,
            55.7769628
          ],
          [
            37.6436113,
            55.7769334
          ],
          [
            37.6433085,
            55.7769018
          ],
          [
            37.6431499,
            55.7768823
          ],
          [
            37.6430209,
            55.7768617
          ],
          [
            37.6426912,
            55.776787
          ],
          [
            37.6424353,
            55.7767255
          ],
          [
            37.6422696,
            55.7766862
          ],
          [
            37.6419904,
            55.7766204
          ],
          [
            37.641803,
            55.776576
          ],
          [
            37.6412391,
            55.7764425
          ],
          [
            37.6411121,
            55.7764152
          ]
        ]
      }
    },
    {
      "type": "Feature",
      "id": "way/11291764",
      "properties": {
        "osm_way_id": 11291764,
        "highway_type": "residential",
        "name": "2-й Коптельский переулок",
        "oneway": null,
        "maxspeed": null,
        "surface": "asphalt"
      },
      "geometry": {
        "type": "LineString",
        "coordinates": [
          [
            37.6463636,
            55.7772474
          ],
          [
            37.6463592,
            55.7771849
          ],
          [
            37.6463607,
            55.7771082
          ],
          [
            37.6463617,
            55.7770607
          ]
        ]
      }
    },
    {
      "type": "Feature",
      "id": "way/11291793",
      "properties": {
        "osm_way_id": 11291793,
        "highway_type": "unclassified",
        "name": "Скорняжный переулок",
        "oneway": null,
        "maxspeed": null,
        "surface": "asphalt"
      },
      "geometry": {
        "type": "LineString",
        "coordinates": [
          [
            37.6439495,
            55.7718778
          ],
          [
            37.6438275,
            55.7719618
          ],
          [
            37.6436787,
            55.7720542
          ],
          [
            37.643196,
            55.7723537
          ],
          [
            37.6430668,
            55.7724339
          ],
          [
            37.6428798,
            55.77255
          ],
          [
            37.6425231,
            55.7727714
          ]
        ]
      }
    },
    {
      "type": "Feature",
      "id": "way/11296497",
      "properties": {
        "osm_way_id": 11296497,
        "highway_type": "primary",
        "name": "Большая Сухаревская площадь",
        "oneway": "yes",
        "maxspeed": "RU:urban",
        "surface": "asphalt"
      },
      "geometry": {
        "type": "LineString",
        "coordinates": [
          [
            37.6370974,
            55.7722475
          ],
          [
            37.63674,
            55.7723106
          ],
          [
            37.6363484,
            55.7723722
          ],
          [
            37.6358249,
            55.7724447
          ],
          [
            37.6354628,
            55.7724865
          ],
          [
            37.6341055,
            55.7726288
          ]
        ]
      }
    },
    {
      "type": "Feature",
      "id": "way/11296532",
      "properties": {
        "osm_way_id": 11296532,
        "highway_type": "primary",
        "name": "Садовая-Спасская улица",
        "oneway": "yes",
        "maxspeed": "RU:urban",
        "surface": "asphalt"
      },
      "geometry": {
        "type": "LineString",
        "coordinates": [
          [
            37.637591,
            55.7719957
          ],
          [
            37.6378888,
            55.7719325
          ],
          [
            37.6383931,
            55.7718059
          ],
          [
            37.6388812,
            55.771673
          ],
          [
            37.6392591,
            55.7715582
          ],
          [
            37.6394575,
            55.7714968
          ],
          [
            37.6397699,
            55.7714024
          ],
          [
            37.6400983,
            55.7713016
          ],
          [
            37.6415772,
            55.7708461
          ],
          [
            37.6423919,
            55.7705987
          ]
        ]
      }
    },
    {
      "type": "Feature",
      "id": "way/11323735",
      "properties": {
        "osm_way_id": 11323735,
        "highway_type": "service",
        "name": null,
        "oneway": null,
        "maxspeed": null,
        "surface": null
      },
      "geometry": {
        "type": "LineString",
        "coordinates": [
          [
            37.6259289,
            55.7787133
          ],
          [
            37.6259745,
            55.7787882
          ],
          [
            37.6260093,
            55.7793973
          ]
        ]
      }
    },
    {
      "type": "Feature",
      "id": "way/11324396",
      "properties": {
        "osm_way_id": 11324396,
        "highway_type": "service",
        "name": null,
        "oneway": null,
        "maxspeed": null,
        "surface": null
      },
      "geometry": {
        "type": "LineString",
        "coordinates": [
          [
            37.6240335,
            55.7776292
          ],
          [
            37.6240254,
            55.7775907
          ],
          [
            37.6240158,
            55.7775476
          ],
          [
            37.6240001,
            55.7774755
          ]
        ]
      }
    },
    {
      "type": "Feature",
      "id": "way/11451875",
      "properties": {
        "osm_way_id": 11451875,
        "highway_type": "footway",
        "name": null,
        "oneway": null,
        "maxspeed": null,
        "surface": "paving_stones"
      },
      "geometry": {
        "type": "LineString",
        "coordinates": [
          [
            37.624859,
            55.7692327
          ],
          [
            37.6248853,
            55.7692259
          ],
          [
            37.6250858,
            55.7694374
          ],
          [
            37.625092,
            55.7694644
          ],
          [
            37.6250975,
            55.7694884
          ],
          [
            37.6253004,
            55.7703734
          ],
          [
            37.6253169,
            55.7704232
          ],
          [
            37.6253196,
            55.770439
          ]
        ]
      }
    },
    {
      "type": "Feature",
      "id": "way/11452884",
      "properties": {
        "osm_way_id": 11452884,
        "highway_type": "secondary_link",
        "name": null,
        "oneway": "yes",
        "maxspeed": "RU:urban",
        "surface": "asphalt"
      },
      "geometry": {
        "type": "LineString",
        "coordinates": [
          [
            37.6225874,
            55.7738626
          ],
          [
            37.6225357,
            55.773861
          ],
          [
            37.6224861,
            55.7738531
          ],
          [
            37.6224459,
            55.773841
          ],
          [
            37.6224137,
            55.7738241
          ],
          [
            37.6223835,
            55.7738041
          ],
          [
            37.6223641,
            55.7737807
          ],
          [
            37.6223507,
            55.773755
          ],
          [
            37.6223456,
            55.773728
          ],
          [
            37.6223445,
            55.773643
          ],
          [
            37.622346,
            55.7736198
          ],
          [
            37.622356,
            55.7735961
          ],
          [
            37.6223755,
            55.7735746
          ],
          [
            37.622401,
            55.7735583
          ],
          [
            37.6224445,
            55.7735444
          ],
          [
            37.6225093,
            55.7735389
          ]
        ]
      }
    },
    {
      "type": "Feature",
      "id": "way/11453228",
      "properties": {
        "osm_way_id": 11453228,
        "highway_type": "service",
        "name": null,
        "oneway": null,
        "maxspeed": null,
        "surface": null
      },
      "geometry": {
        "type": "LineString",
        "coordinates": [
          [
            37.6229144,
            55.7765902
          ],
          [
            37.6226415,
            55.7765746
          ],
          [
            37.6219649,
            55.7765421
          ],
          [
            37.622016,
            55.7762136
          ],
          [
            37.622074,
            55.7758896
          ]
        ]
      }
    }
  ]
}